Symbol,CMP,Score,Grade,Quality,Growth,Technical,Momentum,Sector_RS_Bonus,RS_Rank,Sector_Percentile,Market_Cap_Cr,PE,Fwd_PE,ROE_%,Rev_Growth_%,EPS_Growth_%,Debt_Eq,Div_Yield_%,RSI,Target,Stop_Loss,Target_Low,Target_High,Profit_%,Risk_%,Target_%,Target_%_Low,Target_%_High,SL_%,RR_Ratio,Sector_Bucket,Sector_Label,Valuation_Methods_Used,Valuation_Method_Detail,Real_Analyst_Target_Status,Real_Analyst_Target_Avg,Real_Analyst_Target_Low,Real_Analyst_Target_High,Real_Analyst_Num_Analysts,Target_Disclaimer,Reasons,Horizon,Shares_To_Buy,Deploy_₹,Max_Risk_₹,%_of_Portfolio,Regime_Multiplier_Applied,Sector_Leader_Bonus,Sector_Leader_Reasons,Confidence_%,Confidence_Factors,News_Status,News_Headlines,You_Hold,Held_Qty,Held_Avg,Unrealized_PnL_%,Additional_Shares_Room,Additional_Deploy_₹
MUTHOOTFIN,3026.0,86,STRONG BUY,22,30,14,12,0,67.9,66.7,121159.0,11.44,8.98,30.41,53.7,126.7,379.707,100.0,46.7,3631.2,2856.0707449630104,3631.2,3631.2,20.0,5.6,20.0,20.0,20.0,5.6,3.6,default,Diversified Financials,"pe_anchored, peg_1.0_fair_value",pe_anchored: +20.0% | peg_1.0_fair_value: +20.0%,fetch_failed,,,,,"Target/Target_Low/Target_High are MODEL estimates from 3 internal valuation methods (see Valuation_Methods_Used), NOT real analyst consensus. Check Real_Analyst_Target_* columns for actual street data if ANALYST_API_CONFIG is set, or verify independently otherwise.",ROE 30.41% — excellent | PEG ~0.09 — undervalued vs growth | Dividend 100.0% — paid to hold | EPS growth 126.7% — explosive | Revenue growth 53.7% — exceptional | Earnings accelerating (fwd PE 8.98 vs 11.44),1-2 years,1,3026.0,169.93,2.2,0.375,8,"Top-3 RS in Diversified Financials, Highest ROE in Diversified Financials",86,Base: model score 86/100 from Quality+Growth+Technical+Momentum | PEG 0.09 — growth clearly outpaces price (+8) | D/E 379.707 — elevated leverage risk (-8),no_recent_news,No recent news found (No high-quality news within 14 days) — quant justification only,No,,,,1,3026.0
WAAREEENER,2602.7,81,STRONG BUY,22,30,14,11,0,21.0,58.3,78707.0,21.25,15.67,31.57,111.8,71.2,21.402,15.0,26.0,2889.0,2452.3296328609667,2732.83,3123.24,11.0,5.8,11.0,5.0,20.0,5.8,1.9,default,Renewables/Power,"pe_anchored, peg_1.0_fair_value",pe_anchored: +20.0% | peg_1.0_fair_value: +2.0%,fetch_failed,,,,,"Target/Target_Low/Target_High are MODEL estimates from 3 internal valuation methods (see Valuation_Methods_Used), NOT real analyst consensus. Check Real_Analyst_Target_* columns for actual street data if ANALYST_API_CONFIG is set, or verify independently otherwise.",ROE 31.57% — excellent | PEG ~0.3 — undervalued vs growth | Dividend 15.0% — paid to hold | EPS growth 71.2% — explosive | Revenue growth 111.8% — exceptional | Earnings accelerating (fwd PE 15.67 vs 21.25),1-2 years,1,2602.7,150.37,1.9,0.375,4,Top-3 RS in Renewables/Power,81,Base: model score 81/100 from Quality+Growth+Technical+Momentum | PEG 0.30 — growth clearly outpaces price (+8) | D/E 21.402 — elevated leverage risk (-8),no_recent_news,No recent news found (No high-quality news within 14 days) — quant justification only,No,,,,1,2602.7
MMTC,60.8,78,STRONG BUY,21,25,11,11,10,35.1,95.8,9188.0,23.74,,20.27,165.2,8300.0,0.114,,25.8,67.49,56.812802864021066,63.84,72.96,11.0,6.6,11.0,5.0,20.0,6.6,1.7,default,Metals & Mining,"pe_anchored, peg_1.0_fair_value",pe_anchored: +20.0% | peg_1.0_fair_value: +2.0%,fetch_failed,,,,,"Target/Target_Low/Target_High are MODEL estimates from 3 internal valuation methods (see Valuation_Methods_Used), NOT real analyst consensus. Check Real_Analyst_Target_* columns for actual street data if ANALYST_API_CONFIG is set, or verify independently otherwise.","ROE 20.27% — good | D/E 0.114 — fortress balance sheet | PEG ~0.0 — undervalued vs growth | EPS growth 8300.0% — explosive | Revenue growth 165.2% — exceptional | RSI 26 — oversold, contrarian entry",1-2 years,83,5046.4,330.94,3.7,0.375,0,,86,Base: model score 78/100 from Quality+Growth+Technical+Momentum | PEG 0.00 — growth clearly outpaces price (+8),no_recent_news,No recent news found (No high-quality news within 14 days) — quant justification only,No,,,,83,5046.4
LLOYDSME,2053.0,78,STRONG BUY,22,30,8,0,10,85.9,95.8,115422.0,29.59,13.54,36.95,405.5,604.8,145.214,5.0,75.2,2278.83,1930.4316349366866,2155.65,2463.6,11.0,6.0,11.0,5.0,20.0,6.0,1.8,default,Metals & Mining,"pe_anchored, peg_1.0_fair_value",pe_anchored: +20.0% | peg_1.0_fair_value: +2.0%,fetch_failed,,,,,"Target/Target_Low/Target_High are MODEL estimates from 3 internal valuation methods (see Valuation_Methods_Used), NOT real analyst consensus. Check Real_Analyst_Target_* columns for actual street data if ANALYST_API_CONFIG is set, or verify independently otherwise.",ROE 36.95% — excellent | PEG ~0.05 — undervalued vs growth | Dividend 5.0% — paid to hold | EPS growth 604.8% — explosive | Revenue growth 405.5% — exceptional | Earnings accelerating (fwd PE 13.54 vs 29.59),1-2 years,2,4106.0,245.14,3.0,0.375,8,"Top-3 RS in Metals & Mining, Highest ROE in Metals & Mining",78,Base: model score 78/100 from Quality+Growth+Technical+Momentum | PEG 0.05 — growth clearly outpaces price (+8) | D/E 145.214 — elevated leverage risk (-8),no_recent_news,No recent news found (No high-quality news within 14 days) — quant justification only,No,,,,2,4106.0
HINDCOPPER,484.05,76,STRONG BUY,15,30,8,9,10,98.3,95.8,46751.0,49.74,23.93,30.6,58.1,136.6,3.319,52.0,38.9,537.3,457.02169307467597,508.25,580.86,11.0,5.6,11.0,5.0,20.0,5.6,2.0,default,Metals & Mining,"pe_anchored, peg_1.0_fair_value",pe_anchored: +20.0% | peg_1.0_fair_value: +2.0%,fetch_failed,,,,,"Target/Target_Low/Target_High are MODEL estimates from 3 internal valuation methods (see Valuation_Methods_Used), NOT real analyst consensus. Check Real_Analyst_Target_* columns for actual street data if ANALYST_API_CONFIG is set, or verify independently otherwise.","ROE 30.6% — excellent | Dividend 52.0% — paid to hold | EPS growth 136.6% — explosive | Revenue growth 58.1% — exceptional | Earnings accelerating (fwd PE 23.93 vs 49.74) | RSI 39 — oversold, contrarian entry",1-2 years,10,4840.5,270.28,3.6,0.375,4,Top-3 RS in Metals & Mining,76,Base: model score 76/100 from Quality+Growth+Technical+Momentum | PEG 0.36 — growth clearly outpaces price (+8) | D/E 3.319 — elevated leverage risk (-8),no_recent_news,No recent news found (No high-quality news within 14 days) — quant justification only,No,,,,10,4840.5
MAZDOCK,2280.0,75,STRONG BUY,22,27,11,11,0,22.1,50.0,93092.0,35.84,28.32,28.77,21.3,109.0,4.481,84.0,24.9,2530.8,2176.6561948083204,2394.0,2736.0,11.0,4.5,11.0,5.0,20.0,4.5,2.4,default,Defense,"pe_anchored, peg_1.0_fair_value",pe_anchored: +20.0% | peg_1.0_fair_value: +2.0%,fetch_failed,,,,,"Target/Target_Low/Target_High are MODEL estimates from 3 internal valuation methods (see Valuation_Methods_Used), NOT real analyst consensus. Check Real_Analyst_Target_* columns for actual street data if ANALYST_API_CONFIG is set, or verify independently otherwise.",ROE 28.77% — excellent | PEG ~0.33 — undervalued vs growth | Dividend 84.0% — paid to hold | EPS growth 109.0% — explosive | Revenue growth 21.3% | Earnings accelerating (fwd PE 28.32 vs 35.84),1-2 years,1,2280.0,103.34,1.7,0.375,4,Highest ROE in Defense,75,Base: model score 75/100 from Quality+Growth+Technical+Momentum | PEG 0.33 — growth clearly outpaces price (+8) | D/E 4.481 — elevated leverage risk (-8),no_recent_news,No recent news found (No high-quality news within 14 days) — quant justification only,No,,,,1,2280.0
SIGNATURE,809.95,75,STRONG BUY,17,25,18,15,0,5.4,54.2,11531.0,10.53,14.76,84.88,112.8,1789.7,161.04,,50.3,971.94,746.6624382404386,971.94,971.94,20.0,7.8,20.0,20.0,20.0,7.8,2.6,default,Diversified/Other,"pe_anchored, peg_1.0_fair_value",pe_anchored: +20.0% | peg_1.0_fair_value: +20.0%,fetch_failed,,,,,"Target/Target_Low/Target_High are MODEL estimates from 3 internal valuation methods (see Valuation_Methods_Used), NOT real analyst consensus. Check Real_Analyst_Target_* columns for actual street data if ANALYST_API_CONFIG is set, or verify independently otherwise.",ROE 84.88% — excellent | PEG ~0.01 — undervalued vs growth | EPS growth 1789.7% — explosive | Revenue growth 112.8% — exceptional | Above 50 DMA | RSI 50 — ideal 1Y entry zone,1-2 years,6,4859.7,379.73,3.6,0.375,0,,75,Base: model score 75/100 from Quality+Growth+Technical+Momentum | PEG 0.01 — growth clearly outpaces price (+8) | D/E 161.04 — elevated leverage risk (-8),ok,"[20 Jul 2026, scanx.trade] ARSS Infrastructure Projects Clarifies Audit Qualification Signature Omission in FY26 Financial Results Filing",No,,,,6,4859.7
SHRIRAMFIN,1031.1,75,STRONG BUY,13,22,16,12,0,95.0,41.7,245813.0,18.45,14.56,18.5,39.1,29.5,276.215,1.33,49.9,1221.85,972.2549395338774,1207.42,1237.32,18.5,5.7,18.5,17.1,20.0,5.7,3.2,default,Housing Finance/NBFC,"pe_anchored, peg_1.0_fair_value",pe_anchored: +20.0% | peg_1.0_fair_value: +17.1%,fetch_failed,,,,,"Target/Target_Low/Target_High are MODEL estimates from 3 internal valuation methods (see Valuation_Methods_Used), NOT real analyst consensus. Check Real_Analyst_Target_* columns for actual street data if ANALYST_API_CONFIG is set, or verify independently otherwise.",ROE 18.5% — good | PEG ~0.63 — undervalued vs growth | EPS growth 29.5% | Revenue growth 39.1% — exceptional | Earnings accelerating (fwd PE 14.56 vs 18.45) | Above 50 & 200 DMA — uptrend,1-2 years,4,4124.4,235.38,3.0,0.375,12,"Largest market cap in Housing Finance/NBFC, Top-3 RS in Housing Finance/NBFC, Highest ROE in Housing Finance/NBFC",75,Base: model score 75/100 from Quality+Growth+Technical+Momentum | PEG 0.63 — growth clearly outpaces price (+8) | D/E 276.215 — elevated leverage risk (-8),no_recent_news,No recent news found (No high-quality news within 14 days) — quant justification only,No,,,,4,4124.4
NMDC,85.65,73,STRONG BUY,22,21,8,12,10,78.7,95.8,75478.0,9.91,8.38,23.36,61.9,37.7,18.802,4.17,54.1,102.78,82.01201605833,102.78,102.78,20.0,4.2,20.0,20.0,20.0,4.2,4.8,psu_other,Metals & Mining,"pe_anchored, peg_1.0_fair_value",pe_anchored: +20.0% | peg_1.0_fair_value: +20.0%,fetch_failed,,,,,"Target/Target_Low/Target_High are MODEL estimates from 3 internal valuation methods (see Valuation_Methods_Used), NOT real analyst consensus. Check Real_Analyst_Target_* columns for actual street data if ANALYST_API_CONFIG is set, or verify independently otherwise.",ROE 23.36% — excellent | PEG ~0.26 — undervalued vs growth | Dividend 4.17% — paid to hold | EPS growth 37.7% — strong | Revenue growth 61.9% — exceptional | RSI 54 — ideal 1Y entry zone,1-2 years,59,5053.35,214.64,3.7,0.375,0,,73,Base: model score 73/100 from Quality+Growth+Technical+Momentum | PEG 0.26 — growth clearly outpaces price (+8) | D/E 18.802 — elevated leverage risk (-8),no_recent_news,No recent news found (No high-quality news within 14 days) — quant justification only,No,,,,59,5053.35
GLAND,2582.1,73,STRONG BUY,12,27,16,4,10,80.5,91.7,41961.0,39.06,27.8,10.53,22.3,96.4,2.738,82.0,59.2,2866.13,2425.5785403807436,2711.21,3098.52,11.0,6.1,11.0,5.0,20.0,6.1,1.8,default,Pharma,"pe_anchored, peg_1.0_fair_value",pe_anchored: +20.0% | peg_1.0_fair_value: +2.0%,fetch_failed,,,,,"Target/Target_Low/Target_High are MODEL estimates from 3 internal valuation methods (see Valuation_Methods_Used), NOT real analyst consensus. Check Real_Analyst_Target_* columns for actual street data if ANALYST_API_CONFIG is set, or verify independently otherwise.",PEG ~0.41 — undervalued vs growth | Dividend 82.0% — paid to hold | EPS growth 96.4% — explosive | Revenue growth 22.3% | Earnings accelerating (fwd PE 27.8 vs 39.06) | Above 50 & 200 DMA — uptrend,1-2 years,1,2582.1,156.52,1.9,0.375,4,Top-3 RS in Pharma,73,Base: model score 73/100 from Quality+Growth+Technical+Momentum | PEG 0.41 — growth clearly outpaces price (+8) | D/E 2.738 — elevated leverage risk (-8),ok,"[30 Jul 2026, Moneycontrol.com] Trade Spotlight: How should you trade Time Technoplast, HEG, Gland Pharma, Bharti Airtel, Uniparts India,... || [29 Jul 2026, Samco] Top 14 Pharma Stocks To Buy In India July 2026",No,,,,1,2582.1
BSE,3520.2,73,STRONG BUY,23,30,5,3,0,88.7,79.2,144448.0,57.47,36.56,36.0,105.1,64.0,0.0,29.0,26.6,3907.42,3318.549219492862,3696.21,4224.24,11.0,5.7,11.0,5.0,20.0,5.7,1.9,default,Capital Markets Infra,"pe_anchored, peg_1.0_fair_value",pe_anchored: +20.0% | peg_1.0_fair_value: +2.0%,fetch_failed,,,,,"Target/Target_Low/Target_High are MODEL estimates from 3 internal valuation methods (see Valuation_Methods_Used), NOT real analyst consensus. Check Real_Analyst_Target_* columns for actual street data if ANALYST_API_CONFIG is set, or verify independently otherwise.",ROE 36.0% — excellent | D/E 0.0 — fortress balance sheet | Dividend 29.0% — paid to hold | EPS growth 64.0% — explosive | Revenue growth 105.1% — exceptional | Earnings accelerating (fwd PE 36.56 vs 57.47),1-2 years,1,3520.2,201.65,2.6,0.375,12,"Largest market cap in Capital Markets Infra, Top-3 RS in Capital Markets Infra, Highest ROE in Capital Markets Infra",81,Base: model score 73/100 from Quality+Growth+Technical+Momentum | PEG 0.90 — growth clearly outpaces price (+8),ok,"[29 Jul 2026, The Times of India] Why did stock market rise today? BSE Sensex rallies 1,000 points; Nifty50 crosses 24,250 - top reasons fo || [30 Jul 2026, livemint.com] Indo-MIM IPO listing date today. GMP, analysts signal share debut at a strong premium on BSE, NSE || [29 Jul 2026, Moneycontrol.com] Indo-MIM listing date: Shares to make market debut on BSE, NSE on July 30; GMP at 38%",No,,,,1,3520.2
JKTYRE,402.65,71,STRONG BUY,12,24,18,12,5,74.2,83.3,11576.0,14.7,10.02,14.05,12.4,53.8,80.551,100.0,47.7,483.18,379.83080095001645,483.18,483.18,20.0,5.7,20.0,20.0,20.0,5.7,3.5,default,Auto & Ancillaries,"pe_anchored, peg_1.0_fair_value",pe_anchored: +20.0% | peg_1.0_fair_value: +20.0%,fetch_failed,,,,,"Target/Target_Low/Target_High are MODEL estimates from 3 internal valuation methods (see Valuation_Methods_Used), NOT real analyst consensus. Check Real_Analyst_Target_* columns for actual street data if ANALYST_API_CONFIG is set, or verify independently otherwise.",PEG ~0.27 — undervalued vs growth | Dividend 100.0% — paid to hold | EPS growth 53.8% — explosive | Revenue growth 12.4% | Earnings accelerating (fwd PE 10.02 vs 14.7) | Above 50 DMA,1-2 years,12,4831.8,273.83,3.6,0.375,0,,71,Base: model score 71/100 from Quality+Growth+Technical+Momentum | PEG 0.27 — growth clearly outpaces price (+8) | D/E 80.551 — elevated leverage risk (-8),no_recent_news,No recent news found (No high-quality news within 14 days) — quant justification only,No,,,,12,4831.8
RBLBANK,371.4,71,STRONG BUY,12,30,16,4,5,90.5,87.5,57475.0,30.65,18.61,,40.8,367.9,,33.0,55.7,412.25,351.78193976782126,389.97,445.68,11.0,5.3,11.0,5.0,20.0,5.3,2.1,default,Banking,"pe_anchored, peg_1.0_fair_value",pe_anchored: +20.0% | peg_1.0_fair_value: +2.0%,fetch_failed,,,,,"Target/Target_Low/Target_High are MODEL estimates from 3 internal valuation methods (see Valuation_Methods_Used), NOT real analyst consensus. Check Real_Analyst_Target_* columns for actual street data if ANALYST_API_CONFIG is set, or verify independently otherwise.",PEG ~0.08 — undervalued vs growth | Dividend 33.0% — paid to hold | EPS growth 367.9% — explosive | Revenue growth 40.8% — exceptional | Earnings accelerating (fwd PE 18.61 vs 30.65) | Above 50 & 200 DMA — uptrend,1-2 years,13,4828.2,255.03,3.6,0.375,4,Top-3 RS in Banking,79,Base: model score 71/100 from Quality+Growth+Technical+Momentum | PEG 0.08 — growth clearly outpaces price (+8),no_recent_news,No recent news found (No high-quality news within 14 days) — quant justification only,No,,,,13,4828.2
HINDZINC,537.65,70,STRONG BUY,12,25,11,12,10,76.8,95.8,226773.0,13.28,12.22,,71.7,144.6,39.034,3.99,57.0,645.18,510.952879614805,645.18,645.18,20.0,5.0,20.0,20.0,20.0,5.0,4.0,default,Metals & Mining,"pe_anchored, peg_1.0_fair_value",pe_anchored: +20.0% | peg_1.0_fair_value: +20.0%,fetch_failed,,,,,"Target/Target_Low/Target_High are MODEL estimates from 3 internal valuation methods (see Valuation_Methods_Used), NOT real analyst consensus. Check Real_Analyst_Target_* columns for actual street data if ANALYST_API_CONFIG is set, or verify independently otherwise.",PEG ~0.09 — undervalued vs growth | Dividend 3.99% — paid to hold | EPS growth 144.6% — explosive | Revenue growth 71.7% — exceptional | RSI 57 — ideal 1Y entry zone | Mid 52W range (42%),1-2 years,9,4838.85,240.27,3.6,0.375,0,,70,Base: model score 70/100 from Quality+Growth+Technical+Momentum | PEG 0.09 — growth clearly outpaces price (+8) | D/E 39.034 — elevated leverage risk (-8),no_recent_news,No recent news found (No high-quality news within 14 days) — quant justification only,No,,,,9,4838.85
ASIANPAINT,2713.4,70,STRONG BUY,6,24,16,12,0,69.6,45.8,264432.0,60.61,46.9,20.89,10.6,69.2,17.847,1.01,55.8,3011.87,2597.4034519389065,2849.07,3256.08,11.0,4.3,11.0,5.0,20.0,4.3,2.6,default,Chemicals & Paints,"pe_anchored, peg_1.0_fair_value",pe_anchored: +20.0% | peg_1.0_fair_value: +2.0%,fetch_failed,,,,,"Target/Target_Low/Target_High are MODEL estimates from 3 internal valuation methods (see Valuation_Methods_Used), NOT real analyst consensus. Check Real_Analyst_Target_* columns for actual street data if ANALYST_API_CONFIG is set, or verify independently otherwise.",ROE 20.89% — good | EPS growth 69.2% — explosive | Revenue growth 10.6% | Earnings accelerating (fwd PE 46.9 vs 60.61) | Above 50 & 200 DMA — uptrend | RSI 56 — ideal 1Y entry zone,1-2 years,1,2713.4,116.0,2.0,0.375,12,"Largest market cap in Chemicals & Paints, Top-3 RS in Chemicals & Paints, Highest ROE in Chemicals & Paints",70,Base: model score 70/100 from Quality+Growth+Technical+Momentum | PEG 0.88 — growth clearly outpaces price (+8) | D/E 17.847 — elevated leverage risk (-8),ok,"[29 Jul 2026, livemint.com] Q1 results 2026: Adani Enterprises to Asian Paints among companies to declare Q1 results today; full list here",No,,,,1,2713.4
GRANULES,848.7,70,STRONG BUY,12,27,13,4,10,96.5,91.7,20861.0,31.21,21.2,,22.0,53.4,29.735,21.0,35.0,942.06,798.2298163163263,891.14,1018.44,11.0,5.9,11.0,5.0,20.0,5.9,1.9,default,Pharma,"pe_anchored, peg_1.0_fair_value",pe_anchored: +20.0% | peg_1.0_fair_value: +2.0%,fetch_failed,,,,,"Target/Target_Low/Target_High are MODEL estimates from 3 internal valuation methods (see Valuation_Methods_Used), NOT real analyst consensus. Check Real_Analyst_Target_* columns for actual street data if ANALYST_API_CONFIG is set, or verify independently otherwise.",PEG ~0.58 — undervalued vs growth | Dividend 21.0% — paid to hold | EPS growth 53.4% — explosive | Revenue growth 22.0% | Earnings accelerating (fwd PE 21.2 vs 31.21) | Above 50 & 200 DMA — uptrend,1-2 years,6,5092.2,302.82,3.7,0.375,4,Top-3 RS in Pharma,70,Base: model score 70/100 from Quality+Growth+Technical+Momentum | PEG 0.58 — growth clearly outpaces price (+8) | D/E 29.735 — elevated leverage risk (-8),ok,"[21 Jul 2026, upstox.com] Granules India shares surge over 3% after net profit surges 59% in June quarter",No,,,,6,5092.2
SAIL,170.06,69,STRONG BUY,12,20,8,15,10,84.4,95.8,70615.0,16.02,10.61,,1.3,121.1,52.899,96.0,55.1,203.9,159.97503170090505,203.9,204.07,19.9,5.9,19.9,19.9,20.0,5.9,3.4,psu_other,Metals & Mining,"pe_anchored, peg_1.0_fair_value",pe_anchored: +20.0% | peg_1.0_fair_value: +19.9%,fetch_failed,,,,,"Target/Target_Low/Target_High are MODEL estimates from 3 internal valuation methods (see Valuation_Methods_Used), NOT real analyst consensus. Check Real_Analyst_Target_* columns for actual street data if ANALYST_API_CONFIG is set, or verify independently otherwise.",PEG ~0.13 — undervalued vs growth | Dividend 96.0% — paid to hold | EPS growth 121.1% — explosive | Earnings accelerating (fwd PE 10.61 vs 16.02) | RSI 55 — ideal 1Y entry zone | 6M return 8% — healthy,1-2 years,29,4931.74,292.46,3.6,0.375,4,Top-3 RS in Metals & Mining,69,Base: model score 69/100 from Quality+Growth+Technical+Momentum | PEG 0.13 — growth clearly outpaces price (+8) | D/E 52.899 — elevated leverage risk (-8),no_recent_news,No recent news found (No high-quality news within 14 days) — quant justification only,No,,,,29,4931.74
CHOLAFIN,1775.0,69,STRONG BUY,18,19,16,12,0,72.2,66.7,153970.0,25.91,18.36,19.33,24.8,29.0,695.283,8.0,45.7,1970.25,1670.2010931613,1863.75,2130.0,11.0,5.9,11.0,5.0,20.0,5.9,1.9,default,Diversified Financials,"pe_anchored, peg_1.0_fair_value",pe_anchored: +20.0% | peg_1.0_fair_value: +2.0%,fetch_failed,,,,,"Target/Target_Low/Target_High are MODEL estimates from 3 internal valuation methods (see Valuation_Methods_Used), NOT real analyst consensus. Check Real_Analyst_Target_* columns for actual street data if ANALYST_API_CONFIG is set, or verify independently otherwise.",ROE 19.33% — good | PEG ~0.89 — undervalued vs growth | Dividend 8.0% — paid to hold | EPS growth 29.0% | Revenue growth 24.8% | Earnings accelerating (fwd PE 18.36 vs 25.91),1-2 years,2,3550.0,209.6,2.6,0.375,4,Top-3 RS in Diversified Financials,69,Base: model score 69/100 from Quality+Growth+Technical+Momentum | PEG 0.89 — growth clearly outpaces price (+8) | D/E 695.283 — elevated leverage risk (-8),ok,"[17 Jul 2026, scanx.trade] Cholamandalam board to consider NCD issuance on July 28",No,,,,2,3550.0
JIOFIN,246.26,69,STRONG BUY,5,30,18,12,0,18.9,66.7,164735.0,74.69,55.94,,208.2,170.2,16.286,21.0,54.6,273.35,234.84597792174083,258.57,295.51,11.0,4.6,11.0,5.0,20.0,4.6,2.4,default,Diversified Financials,"pe_anchored, peg_1.0_fair_value",pe_anchored: +20.0% | peg_1.0_fair_value: +2.0%,fetch_failed,,,,,"Target/Target_Low/Target_High are MODEL estimates from 3 internal valuation methods (see Valuation_Methods_Used), NOT real analyst consensus. Check Real_Analyst_Target_* columns for actual street data if ANALYST_API_CONFIG is set, or verify independently otherwise.",Dividend 21.0% — paid to hold | EPS growth 170.2% — explosive | Revenue growth 208.2% — exceptional | Earnings accelerating (fwd PE 55.94 vs 74.69) | Above 50 DMA | RSI 55 — ideal 1Y entry zone,1-2 years,20,4925.2,228.28,3.6,0.375,4,Largest market cap in Diversified Financials,69,Base: model score 69/100 from Quality+Growth+Technical+Momentum | PEG 0.44 — growth clearly outpaces price (+8) | D/E 16.286 — elevated leverage risk (-8),ok,"[17 Jul 2026, IndiaIPO] Jio Financial Services shares rally 6% after stellar Q1 results. Buy, sell or hold the stock?",No,,,,20,4925.2
TATAINVEST,679.75,68,STRONG BUY,13,25,18,12,0,52.5,54.2,34190.0,78.85,,1.44,153.8,68.9,0.007,52.0,48.0,754.52,647.8078684425632,713.74,815.7,11.0,4.7,11.0,5.0,20.0,4.7,2.3,default,Diversified/Other,"pe_anchored, peg_1.0_fair_value",pe_anchored: +20.0% | peg_1.0_fair_value: +2.0%,fetch_failed,,,,,"Target/Target_Low/Target_High are MODEL estimates from 3 internal valuation methods (see Valuation_Methods_Used), NOT real analyst consensus. Check Real_Analyst_Target_* columns for actual street data if ANALYST_API_CONFIG is set, or verify independently otherwise.",D/E 0.007 — fortress balance sheet | Dividend 52.0% — paid to hold | EPS growth 68.9% — explosive | Revenue growth 153.8% — exceptional | Above 50 DMA | RSI 48 — ideal 1Y entry zone,1-2 years,7,4758.25,223.59,3.5,0.375,0,,68,Base: model score 68/100 from Quality+Growth+Technical+Momentum,no_recent_news,No recent news found (No high-quality news within 14 days) — quant justification only,No,,,,7,4758.25
AUBANK,1028.4,68,STRONG BUY,12,23,16,12,5,86.3,87.5,78033.0,27.63,17.16,,29.8,35.1,,10.0,46.0,1141.52,972.9485253559479,1079.82,1234.08,11.0,5.4,11.0,5.0,20.0,5.4,2.0,default,Banking,"pe_anchored, peg_1.0_fair_value",pe_anchored: +20.0% | peg_1.0_fair_value: +2.0%,fetch_failed,,,,,"Target/Target_Low/Target_High are MODEL estimates from 3 internal valuation methods (see Valuation_Methods_Used), NOT real analyst consensus. Check Real_Analyst_Target_* columns for actual street data if ANALYST_API_CONFIG is set, or verify independently otherwise.",PEG ~0.79 — undervalued vs growth | Dividend 10.0% — paid to hold | EPS growth 35.1% — strong | Revenue growth 29.8% | Earnings accelerating (fwd PE 17.16 vs 27.63) | Above 50 & 200 DMA — uptrend,1-2 years,4,4113.6,221.81,3.0,0.375,0,,76,Base: model score 68/100 from Quality+Growth+Technical+Momentum | PEG 0.79 — growth clearly outpaces price (+8),ok,"[26 Jul 2026, TradingView] AUBank Trend Lines in Multiple Time Frames. 3/210 Charts. for NSE:AUBANK by TheBullishVenture",No,,,,4,4113.6
PRESTIGE,1610.0,67,STRONG BUY,5,30,16,12,0,44.0,25.0,72061.0,60.27,29.79,8.0,166.5,901.7,105.493,11.0,44.1,1787.1,1503.8780842452438,1690.5,1932.0,11.0,6.6,11.0,5.0,20.0,6.6,1.7,default,Real Estate,"pe_anchored, peg_1.0_fair_value",pe_anchored: +20.0% | peg_1.0_fair_value: +2.0%,fetch_failed,,,,,"Target/Target_Low/Target_High are MODEL estimates from 3 internal valuation methods (see Valuation_Methods_Used), NOT real analyst consensus. Check Real_Analyst_Target_* columns for actual street data if ANALYST_API_CONFIG is set, or verify independently otherwise.",Dividend 11.0% — paid to hold | EPS growth 901.7% — explosive | Revenue growth 166.5% — exceptional | Earnings accelerating (fwd PE 29.79 vs 60.27) | Above 50 & 200 DMA — uptrend | RSI 44 — ideal 1Y entry zone,1-2 years,3,4830.0,318.37,3.6,0.375,4,Highest ROE in Real Estate,67,Base: model score 67/100 from Quality+Growth+Technical+Momentum | PEG 0.07 — growth clearly outpaces price (+8) | D/E 105.493 — elevated leverage risk (-8),no_recent_news,No recent news found (No high-quality news within 14 days) — quant justification only,No,,,,3,4830.0
CREDITACC,1598.2,67,STRONG BUY,13,30,16,4,0,77.9,41.7,25478.0,20.92,12.3,16.36,149.5,715.2,302.872,,59.4,1783.59,1500.4304435656802,1678.11,1917.84,11.6,6.1,11.6,5.0,20.0,6.1,1.9,default,Housing Finance/NBFC,"pe_anchored, peg_1.0_fair_value",pe_anchored: +20.0% | peg_1.0_fair_value: +3.3%,fetch_failed,,,,,"Target/Target_Low/Target_High are MODEL estimates from 3 internal valuation methods (see Valuation_Methods_Used), NOT real analyst consensus. Check Real_Analyst_Target_* columns for actual street data if ANALYST_API_CONFIG is set, or verify independently otherwise.",ROE 16.36% — good | PEG ~0.03 — undervalued vs growth | EPS growth 715.2% — explosive | Revenue growth 149.5% — exceptional | Earnings accelerating (fwd PE 12.3 vs 20.92) | Above 50 & 200 DMA — uptrend,1-2 years,3,4794.6,293.31,3.5,0.375,4,Top-3 RS in Housing Finance/NBFC,67,Base: model score 67/100 from Quality+Growth+Technical+Momentum | PEG 0.03 — growth clearly outpaces price (+8) | D/E 302.872 — elevated leverage risk (-8),ok,"[25 Jul 2026, indiagazette.com] CreditAccess Grameen Limited - First Quarter FY26-27 Results",No,,,,3,4794.6
CRISIL,4422.0,66,STRONG BUY,22,19,17,8,0,20.4,54.2,32533.0,36.83,30.17,29.05,27.6,26.2,10.23,89.0,70.5,4908.42,4186.938028932067,4643.1,5306.4,11.0,5.3,11.0,5.0,20.0,5.3,2.1,default,Diversified/Other,"pe_anchored, peg_1.0_fair_value",pe_anchored: +20.0% | peg_1.0_fair_value: +2.0%,fetch_failed,,,,,"Target/Target_Low/Target_High are MODEL estimates from 3 internal valuation methods (see Valuation_Methods_Used), NOT real analyst consensus. Check Real_Analyst_Target_* columns for actual street data if ANALYST_API_CONFIG is set, or verify independently otherwise.",ROE 29.05% — excellent | PEG ~1.41 — undervalued vs growth | Dividend 89.0% — paid to hold | EPS growth 26.2% | Revenue growth 27.6% | Earnings accelerating (fwd PE 30.17 vs 36.83),1-2 years,1,4422.0,235.06,3.3,0.375,0,,58,Base: model score 66/100 from Quality+Growth+Technical+Momentum | D/E 10.23 — elevated leverage risk (-8),ok,"[28 Jul 2026, scanx.trade] State Bank of India sees Crisil ESG upgrade to Leadership in FY26",No,,,,1,4422.0
ASHOKLEY,157.41,66,STRONG BUY,18,16,15,12,5,82.0,83.3,92783.0,26.73,19.45,21.64,17.4,24.5,344.737,2.22,49.8,174.73,149.0702139166583,165.28,188.89,11.0,5.3,11.0,5.0,20.0,5.3,2.1,default,Auto & Ancillaries,"pe_anchored, peg_1.0_fair_value",pe_anchored: +20.0% | peg_1.0_fair_value: +2.0%,fetch_failed,,,,,"Target/Target_Low/Target_High are MODEL estimates from 3 internal valuation methods (see Valuation_Methods_Used), NOT real analyst consensus. Check Real_Analyst_Target_* columns for actual street data if ANALYST_API_CONFIG is set, or verify independently otherwise.",ROE 21.64% — good | PEG ~1.09 — undervalued vs growth | Dividend 2.22% — paid to hold | EPS growth 24.5% | Revenue growth 17.4% | Earnings accelerating (fwd PE 19.45 vs 26.73),1-2 years,32,5037.12,266.87,3.7,0.375,0,,58,Base: model score 66/100 from Quality+Growth+Technical+Momentum | D/E 344.737 — elevated leverage risk (-8),no_recent_news,No recent news found (No high-quality news within 14 days) — quant justification only,No,,,,32,5037.12
HOMEFIRST,1172.5,66,STRONG BUY,12,23,19,12,0,23.2,41.7,12277.0,21.25,14.92,,29.7,32.3,243.944,44.0,45.4,1301.48,1088.997497020117,1231.12,1407.0,11.0,7.1,11.0,5.0,20.0,7.1,1.5,default,Housing Finance/NBFC,"pe_anchored, peg_1.0_fair_value",pe_anchored: +20.0% | peg_1.0_fair_value: +2.0%,fetch_failed,,,,,"Target/Target_Low/Target_High are MODEL estimates from 3 internal valuation methods (see Valuation_Methods_Used), NOT real analyst consensus. Check Real_Analyst_Target_* columns for actual street data if ANALYST_API_CONFIG is set, or verify independently otherwise.",PEG ~0.66 — undervalued vs growth | Dividend 44.0% — paid to hold | EPS growth 32.3% — strong | Revenue growth 29.7% | Earnings accelerating (fwd PE 14.92 vs 21.25) | Above 50 & 200 DMA — uptrend,1-2 years,4,4690.0,334.01,3.4,0.375,0,,66,Base: model score 66/100 from Quality+Growth+Technical+Momentum | PEG 0.66 — growth clearly outpaces price (+8) | D/E 243.944 — elevated leverage risk (-8),ok,"[28 Jul 2026, scanx.trade] Home First Finance Company India Ltd Q1 Results: Earnings call audio uploaded || [28 Jul 2026, The Economic Times] Home First Finance Q1 profit Up 35% on higher income",No,,,,4,4690.0
BLS,239.5,66,STRONG BUY,17,20,14,12,-5,5.9,8.3,9955.0,14.54,11.25,30.14,17.6,31.4,15.468,1.27,56.7,287.4,224.6742994569458,287.4,287.4,20.0,6.2,20.0,20.0,20.0,6.2,3.2,default,Business/Support Services,"pe_anchored, peg_1.0_fair_value",pe_anchored: +20.0% | peg_1.0_fair_value: +20.0%,fetch_failed,,,,,"Target/Target_Low/Target_High are MODEL estimates from 3 internal valuation methods (see Valuation_Methods_Used), NOT real analyst consensus. Check Real_Analyst_Target_* columns for actual street data if ANALYST_API_CONFIG is set, or verify independently otherwise.",ROE 30.14% — excellent | PEG ~0.46 — undervalued vs growth | EPS growth 31.4% — strong | Revenue growth 17.6% | Earnings accelerating (fwd PE 11.25 vs 14.54) | RSI 57 — ideal 1Y entry zone,1-2 years,21,5029.5,311.34,3.7,0.375,8,"Top-3 RS in Business/Support Services, Highest ROE in Business/Support Services",66,Base: model score 66/100 from Quality+Growth+Technical+Momentum | PEG 0.46 — growth clearly outpaces price (+8) | D/E 15.468 — elevated leverage risk (-8),no_recent_news,No recent news found (No high-quality news within 14 days) — quant justification only,No,,,,21,5029.5
ONGC,243.94,66,STRONG BUY,12,16,14,12,0,60.1,33.3,299801.0,7.26,5.51,12.7,1.9,47.8,42.548,7.74,48.4,292.73,234.06206502929166,292.73,292.73,20.0,4.0,20.0,20.0,20.0,4.0,5.0,psu_other,Energy/PSU,"pe_anchored, peg_1.0_fair_value",pe_anchored: +20.0% | peg_1.0_fair_value: +20.0%,fetch_failed,,,,,"Target/Target_Low/Target_High are MODEL estimates from 3 internal valuation methods (see Valuation_Methods_Used), NOT real analyst consensus. Check Real_Analyst_Target_* columns for actual street data if ANALYST_API_CONFIG is set, or verify independently otherwise.",PEG ~0.15 — undervalued vs growth | Dividend 7.74% — paid to hold | EPS growth 47.8% — strong | Earnings accelerating (fwd PE 5.51 vs 7.26) | RSI 48 — ideal 1Y entry zone | Near 52W low (28%) — good entry,1-2 years,20,4878.8,197.56,3.6,0.375,12,"Largest market cap in Energy/PSU, Top-3 RS in Energy/PSU, Highest ROE in Energy/PSU",66,Base: model score 66/100 from Quality+Growth+Technical+Momentum | PEG 0.15 — growth clearly outpaces price (+8) | D/E 42.548 — elevated leverage risk (-8),no_recent_news,No recent news found (No high-quality news within 14 days) — quant justification only,No,,,,20,4878.8
JSWSTEEL,1276.4,64,STRONG BUY,12,15,11,12,10,77.2,95.8,311615.0,12.59,17.52,,9.8,113.0,95.374,57.0,64.6,1531.68,1225.1320927173263,1531.68,1531.68,20.0,4.0,20.0,20.0,20.0,4.0,5.0,default,Metals & Mining,"pe_anchored, peg_1.0_fair_value",pe_anchored: +20.0% | peg_1.0_fair_value: +20.0%,fetch_failed,,,,,"Target/Target_Low/Target_High are MODEL estimates from 3 internal valuation methods (see Valuation_Methods_Used), NOT real analyst consensus. Check Real_Analyst_Target_* columns for actual street data if ANALYST_API_CONFIG is set, or verify independently otherwise.",PEG ~0.11 — undervalued vs growth | Dividend 57.0% — paid to hold | EPS growth 113.0% — explosive | Above 50 & 200 DMA — uptrend | RSI 65 — slightly elevated | 6M return 5% — healthy,1-2 years,3,3829.2,153.8,2.8,0.375,4,Largest market cap in Metals & Mining,64,Base: model score 64/100 from Quality+Growth+Technical+Momentum | PEG 0.11 — growth clearly outpaces price (+8) | D/E 95.374 — elevated leverage risk (-8),no_recent_news,No recent news found (No high-quality news within 14 days) — quant justification only,No,,,,3,3829.2
CUB,222.74,64,STRONG BUY,12,19,16,12,5,87.9,87.5,22675.0,16.17,11.83,13.24,23.6,25.1,,90.0,44.9,267.29,206.09715569946133,267.29,267.29,20.0,7.5,20.0,20.0,20.0,7.5,2.7,default,Banking,"pe_anchored, peg_1.0_fair_value",pe_anchored: +20.0% | peg_1.0_fair_value: +20.0%,fetch_failed,,,,,"Target/Target_Low/Target_High are MODEL estimates from 3 internal valuation methods (see Valuation_Methods_Used), NOT real analyst consensus. Check Real_Analyst_Target_* columns for actual street data if ANALYST_API_CONFIG is set, or verify independently otherwise.",PEG ~0.64 — undervalued vs growth | Dividend 90.0% — paid to hold | EPS growth 25.1% | Revenue growth 23.6% | Earnings accelerating (fwd PE 11.83 vs 16.17) | Above 50 & 200 DMA — uptrend,1-2 years,22,4900.28,366.14,3.6,0.375,0,,72,Base: model score 64/100 from Quality+Growth+Technical+Momentum | PEG 0.64 — growth clearly outpaces price (+8),ok,"[26 Jul 2026, TradingView] City Union Bank CUB Trend Line in Multiple TimeFrame 4/210 Chart for NSE:CUB by TheBullishVenture",No,,,,22,4900.28
LTFOODS,385.75,64,STRONG BUY,7,27,18,12,0,20.0,37.5,13147.0,20.53,13.06,14.94,23.8,70.7,28.488,1.08,47.1,434.35,365.9531353726178,405.81,462.9,12.6,5.1,12.6,5.2,20.0,5.1,2.5,default,Consumer/Retail,"pe_anchored, peg_1.0_fair_value",pe_anchored: +20.0% | peg_1.0_fair_value: +5.2%,fetch_failed,,,,,"Target/Target_Low/Target_High are MODEL estimates from 3 internal valuation methods (see Valuation_Methods_Used), NOT real analyst consensus. Check Real_Analyst_Target_* columns for actual street data if ANALYST_API_CONFIG is set, or verify independently otherwise.",PEG ~0.29 — undervalued vs growth | EPS growth 70.7% — explosive | Revenue growth 23.8% | Earnings accelerating (fwd PE 13.06 vs 20.53) | Above 50 DMA | RSI 47 — ideal 1Y entry zone,1-2 years,13,5014.75,257.36,3.7,0.375,0,,64,Base: model score 64/100 from Quality+Growth+Technical+Momentum | PEG 0.29 — growth clearly outpaces price (+8) | D/E 28.488 — elevated leverage risk (-8),no_recent_news,No recent news found (No high-quality news within 14 days) — quant justification only,No,,,,13,5014.75
POLYCAB,8930.0,64,STRONG BUY,15,26,8,3,0,82.9,75.0,136280.0,47.68,35.67,25.55,39.0,32.5,1.738,52.0,46.3,9912.3,8472.021763937313,9376.5,10716.0,11.0,5.1,11.0,5.0,20.0,5.1,2.2,default,Capital Goods,"pe_anchored, peg_1.0_fair_value",pe_anchored: +20.0% | peg_1.0_fair_value: +2.0%,fetch_failed,,,,,"Target/Target_Low/Target_High are MODEL estimates from 3 internal valuation methods (see Valuation_Methods_Used), NOT real analyst consensus. Check Real_Analyst_Target_* columns for actual street data if ANALYST_API_CONFIG is set, or verify independently otherwise.",ROE 25.55% — excellent | Dividend 52.0% — paid to hold | EPS growth 32.5% — strong | Revenue growth 39.0% — exceptional | Earnings accelerating (fwd PE 35.67 vs 47.68) | RSI 46 — ideal 1Y entry zone,1-2 years,0,0.0,0.0,0.0,0.375,12,"Largest market cap in Capital Goods, Top-3 RS in Capital Goods, Highest ROE in Capital Goods",64,Base: model score 64/100 from Quality+Growth+Technical+Momentum,ok,"[17 Jul 2026, Moneycontrol.com] Polycab stock falls 4% today despite Q1 earnings beat; Jefferies, HSBC retain Buy calls",No,,,,0,0.0
APOLLOHOSP,8961.0,63,STRONG BUY,11,20,16,4,0,73.8,70.8,128472.0,66.02,41.69,21.5,18.1,35.6,85.146,22.0,58.0,9946.71,8701.048700829266,9409.05,10753.2,11.0,2.9,11.0,5.0,20.0,2.9,3.8,default,Hospitals,"pe_anchored, peg_1.0_fair_value",pe_anchored: +20.0% | peg_1.0_fair_value: +2.0%,fetch_failed,,,,,"Target/Target_Low/Target_High are MODEL estimates from 3 internal valuation methods (see Valuation_Methods_Used), NOT real analyst consensus. Check Real_Analyst_Target_* columns for actual street data if ANALYST_API_CONFIG is set, or verify independently otherwise.",ROE 21.5% — good | Dividend 22.0% — paid to hold | EPS growth 35.6% — strong | Revenue growth 18.1% | Earnings accelerating (fwd PE 41.69 vs 66.02) | Above 50 & 200 DMA — uptrend,1-2 years,0,0.0,0.0,0.0,0.375,12,"Largest market cap in Hospitals, Top-3 RS in Hospitals, Highest ROE in Hospitals",55,Base: model score 63/100 from Quality+Growth+Technical+Momentum | D/E 85.146 — elevated leverage risk (-8),no_recent_news,No recent news found (No high-quality news within 14 days) — quant justification only,No,,,,0,0.0
AJANTPHARM,3417.0,63,STRONG BUY,10,19,16,4,10,75.9,91.7,42434.0,40.17,29.84,25.39,21.5,18.6,5.747,1.68,57.8,3792.87,3209.2187228615776,3587.85,4100.4,11.0,6.1,11.0,5.0,20.0,6.1,1.8,default,Pharma,"pe_anchored, peg_1.0_fair_value",pe_anchored: +20.0% | peg_1.0_fair_value: +2.0%,fetch_failed,,,,,"Target/Target_Low/Target_High are MODEL estimates from 3 internal valuation methods (see Valuation_Methods_Used), NOT real analyst consensus. Check Real_Analyst_Target_* columns for actual street data if ANALYST_API_CONFIG is set, or verify independently otherwise.",ROE 25.39% — excellent | EPS growth 18.6% | Revenue growth 21.5% | Earnings accelerating (fwd PE 29.84 vs 40.17) | Above 50 & 200 DMA — uptrend | RSI 58 — ideal 1Y entry zone,1-2 years,1,3417.0,207.78,2.5,0.375,4,Highest ROE in Pharma,55,Base: model score 63/100 from Quality+Growth+Technical+Momentum | D/E 5.747 — elevated leverage risk (-8),no_recent_news,No recent news found (No high-quality news within 14 days) — quant justification only,No,,,,1,3417.0
APTUS,278.05,63,STRONG BUY,13,19,19,12,0,23.6,54.2,14115.0,14.93,10.85,20.11,21.7,25.9,156.2,1.78,45.3,333.66,261.97338937347973,333.66,333.66,20.0,5.8,20.0,20.0,20.0,5.8,3.4,default,Diversified/Other,"pe_anchored, peg_1.0_fair_value",pe_anchored: +20.0% | peg_1.0_fair_value: +20.0%,fetch_failed,,,,,"Target/Target_Low/Target_High are MODEL estimates from 3 internal valuation methods (see Valuation_Methods_Used), NOT real analyst consensus. Check Real_Analyst_Target_* columns for actual street data if ANALYST_API_CONFIG is set, or verify independently otherwise.",ROE 20.11% — good | PEG ~0.58 — undervalued vs growth | EPS growth 25.9% | Revenue growth 21.7% | Earnings accelerating (fwd PE 10.85 vs 14.93) | Above 50 & 200 DMA — uptrend,1-2 years,18,5004.9,289.38,3.7,0.375,0,,63,Base: model score 63/100 from Quality+Growth+Technical+Momentum | PEG 0.58 — growth clearly outpaces price (+8) | D/E 156.2 — elevated leverage risk (-8),ok,"[20 Jul 2026, Moneycontrol.com] Trade Spotlight: How should you trade India Glycols, Exide Industries, Bharat Forge, Dalmia Bharat, Aptus...",No,,,,18,5004.9
NBCC,93.48,62,STRONG BUY,30,11,11,11,-5,28.2,16.7,25542.0,35.3,30.52,25.23,-2.5,37.8,0.008,72.0,28.2,103.76,88.13091268311614,98.15,112.18,11.0,5.7,11.0,5.0,20.0,5.7,1.9,psu_other,Logistics & Infra,"pe_anchored, peg_1.0_fair_value",pe_anchored: +20.0% | peg_1.0_fair_value: +2.0%,fetch_failed,,,,,"Target/Target_Low/Target_High are MODEL estimates from 3 internal valuation methods (see Valuation_Methods_Used), NOT real analyst consensus. Check Real_Analyst_Target_* columns for actual street data if ANALYST_API_CONFIG is set, or verify independently otherwise.","ROE 25.23% — excellent | D/E 0.008 — fortress balance sheet | PEG ~0.93 — undervalued vs growth | Dividend 72.0% — paid to hold | EPS growth 37.8% — strong | RSI 28 — oversold, contrarian entry",1-2 years,54,5047.92,288.85,3.7,0.375,4,Top-3 RS in Logistics & Infra,70,Base: model score 62/100 from Quality+Growth+Technical+Momentum | PEG 0.93 — growth clearly outpaces price (+8),no_recent_news,No recent news found (No high-quality news within 14 days) — quant justification only,No,,,,54,5047.92
M&MFIN,394.7,62,STRONG BUY,12,30,8,8,0,93.9,41.7,54713.0,15.92,12.92,,36.7,64.0,429.851,2.01,73.4,473.64,366.9135657282923,473.64,473.64,20.0,7.0,20.0,20.0,20.0,7.0,2.9,default,Housing Finance/NBFC,"pe_anchored, peg_1.0_fair_value",pe_anchored: +20.0% | peg_1.0_fair_value: +20.0%,fetch_failed,,,,,"Target/Target_Low/Target_High are MODEL estimates from 3 internal valuation methods (see Valuation_Methods_Used), NOT real analyst consensus. Check Real_Analyst_Target_* columns for actual street data if ANALYST_API_CONFIG is set, or verify independently otherwise.",PEG ~0.25 — undervalued vs growth | Dividend 2.01% — paid to hold | EPS growth 64.0% — explosive | Revenue growth 36.7% — exceptional | Earnings accelerating (fwd PE 12.92 vs 15.92) | Above 50 & 200 DMA — uptrend,1-2 years,12,4736.4,333.44,3.5,0.375,4,Top-3 RS in Housing Finance/NBFC,62,Base: model score 62/100 from Quality+Growth+Technical+Momentum | PEG 0.25 — growth clearly outpaces price (+8) | D/E 429.851 — elevated leverage risk (-8),no_recent_news,No recent news found (No high-quality news within 14 days) — quant justification only,No,,,,12,4736.4
HBLENGINE,701.4,62,STRONG BUY,22,18,11,11,0,78.5,54.2,19627.0,23.64,,44.07,27.0,39.8,3.021,29.0,28.0,778.55,658.1781803189178,736.47,841.68,11.0,6.2,11.0,5.0,20.0,6.2,1.8,default,Diversified/Other,"pe_anchored, peg_1.0_fair_value",pe_anchored: +20.0% | peg_1.0_fair_value: +2.0%,fetch_failed,,,,,"Target/Target_Low/Target_High are MODEL estimates from 3 internal valuation methods (see Valuation_Methods_Used), NOT real analyst consensus. Check Real_Analyst_Target_* columns for actual street data if ANALYST_API_CONFIG is set, or verify independently otherwise.","ROE 44.07% — excellent | PEG ~0.59 — undervalued vs growth | Dividend 29.0% — paid to hold | EPS growth 39.8% — strong | Revenue growth 27.0% | RSI 28 — oversold, contrarian entry",1-2 years,7,4909.8,302.55,3.6,0.375,0,,62,Base: model score 62/100 from Quality+Growth+Technical+Momentum | PEG 0.59 — growth clearly outpaces price (+8) | D/E 3.021 — elevated leverage risk (-8),no_recent_news,No recent news found (No high-quality news within 14 days) — quant justification only,No,,,,7,4909.8
AWL,188.13,62,STRONG BUY,12,24,14,12,0,9.1,54.2,24533.0,23.16,18.51,10.52,18.0,53.7,10.621,54.0,46.0,208.82,178.22403367776474,197.54,225.76,11.0,5.3,11.0,5.0,20.0,5.3,2.1,default,Diversified/Other,"pe_anchored, peg_1.0_fair_value",pe_anchored: +20.0% | peg_1.0_fair_value: +2.0%,fetch_failed,,,,,"Target/Target_Low/Target_High are MODEL estimates from 3 internal valuation methods (see Valuation_Methods_Used), NOT real analyst consensus. Check Real_Analyst_Target_* columns for actual street data if ANALYST_API_CONFIG is set, or verify independently otherwise.",PEG ~0.43 — undervalued vs growth | Dividend 54.0% — paid to hold | EPS growth 53.7% — explosive | Revenue growth 18.0% | Earnings accelerating (fwd PE 18.51 vs 23.16) | RSI 46 — ideal 1Y entry zone,1-2 years,27,5079.51,267.46,3.7,0.375,0,,62,Base: model score 62/100 from Quality+Growth+Technical+Momentum | PEG 0.43 — growth clearly outpaces price (+8) | D/E 10.621 — elevated leverage risk (-8),no_recent_news,No recent news found (No high-quality news within 14 days) — quant justification only,No,,,,27,5079.51
IOB,33.62,62,STRONG BUY,13,21,11,12,5,31.7,87.5,65068.0,11.34,37.54,16.53,48.1,45.9,,,39.8,36.48,32.22169428525067,35.3,40.34,8.5,4.2,8.5,5.0,20.0,4.2,2.0,psu_bank,Banking,"pe_anchored, peg_1.0_fair_value, roe_pb_implied",pe_anchored: +20.0% | peg_1.0_fair_value: +20.0% | roe_pb_implied: -14.6%,fetch_failed,,,,,"Target/Target_Low/Target_High are MODEL estimates from 3 internal valuation methods (see Valuation_Methods_Used), NOT real analyst consensus. Check Real_Analyst_Target_* columns for actual street data if ANALYST_API_CONFIG is set, or verify independently otherwise.","ROE 16.53% — good | PEG ~0.25 — undervalued vs growth | EPS growth 45.9% — strong | Revenue growth 48.1% — exceptional | RSI 40 — oversold, contrarian entry | Near 52W low (23%) — good entry",1-2 years,151,5076.62,211.14,3.7,0.375,0,,70,Base: model score 62/100 from Quality+Growth+Technical+Momentum | PEG 0.25 — growth clearly outpaces price (+8),no_recent_news,No recent news found (No high-quality news within 14 days) — quant justification only,No,,,,151,5076.62
BANDHANBNK,173.04,62,STRONG BUY,12,23,8,14,5,48.6,87.5,27965.0,20.11,8.43,,21.6,34.6,,89.0,26.1,196.75,157.5225841170756,185.84,207.65,13.7,9.0,13.7,7.4,20.0,9.0,1.5,default,Banking,"pe_anchored, peg_1.0_fair_value",pe_anchored: +20.0% | peg_1.0_fair_value: +7.4%,fetch_failed,,,,,"Target/Target_Low/Target_High are MODEL estimates from 3 internal valuation methods (see Valuation_Methods_Used), NOT real analyst consensus. Check Real_Analyst_Target_* columns for actual street data if ANALYST_API_CONFIG is set, or verify independently otherwise.","PEG ~0.58 — undervalued vs growth | Dividend 89.0% — paid to hold | EPS growth 34.6% — strong | Revenue growth 21.6% | Earnings accelerating (fwd PE 8.43 vs 20.11) | RSI 26 — oversold, contrarian entry",1-2 years,29,5018.16,450.0,3.7,0.375,0,,70,Base: model score 62/100 from Quality+Growth+Technical+Momentum | PEG 0.58 — growth clearly outpaces price (+8),no_recent_news,No recent news found (No high-quality news within 14 days) — quant justification only,No,,,,29,5018.16
IPCALAB,1775.1,62,STRONG BUY,12,20,16,4,10,68.8,91.7,45020.0,39.52,27.03,13.22,6.3,341.6,8.492,34.0,50.8,1970.36,1666.790753130689,1863.85,2130.12,11.0,6.1,11.0,5.0,20.0,6.1,1.8,pharma,Pharma,"pe_anchored, peg_1.0_fair_value",pe_anchored: +20.0% | peg_1.0_fair_value: +2.0%,fetch_failed,,,,,"Target/Target_Low/Target_High are MODEL estimates from 3 internal valuation methods (see Valuation_Methods_Used), NOT real analyst consensus. Check Real_Analyst_Target_* columns for actual street data if ANALYST_API_CONFIG is set, or verify independently otherwise.",PEG ~0.12 — undervalued vs growth | Dividend 34.0% — paid to hold | EPS growth 341.6% — explosive | Earnings accelerating (fwd PE 27.03 vs 39.52) | Above 50 & 200 DMA — uptrend | RSI 51 — ideal 1Y entry zone,1-2 years,2,3550.2,216.62,2.6,0.375,0,,62,Base: model score 62/100 from Quality+Growth+Technical+Momentum | PEG 0.12 — growth clearly outpaces price (+8) | D/E 8.492 — elevated leverage risk (-8),no_recent_news,No recent news found (No high-quality news within 14 days) — quant justification only,No,,,,2,3550.2
OFSS,11418.0,61,BUY,17,25,16,4,-5,84.6,12.5,99501.0,29.22,25.21,,68.7,120.2,0.415,5.87,44.9,12673.98,10612.880182970288,11988.9,13701.6,11.0,7.1,11.0,5.0,20.0,7.1,1.5,it_services,IT Services,"pe_anchored, peg_1.0_fair_value",pe_anchored: +20.0% | peg_1.0_fair_value: +2.0%,fetch_failed,,,,,"Target/Target_Low/Target_High are MODEL estimates from 3 internal valuation methods (see Valuation_Methods_Used), NOT real analyst consensus. Check Real_Analyst_Target_* columns for actual street data if ANALYST_API_CONFIG is set, or verify independently otherwise.",D/E 0.415 — manageable | PEG ~0.24 — undervalued vs growth | Dividend 5.87% — paid to hold | EPS growth 120.2% — explosive | Revenue growth 68.7% — exceptional | Above 50 & 200 DMA — uptrend,1-2 years,0,0.0,0.0,0.0,0.375,4,Top-3 RS in IT Services,69,Base: model score 61/100 from Quality+Growth+Technical+Momentum | PEG 0.24 — growth clearly outpaces price (+8),ok,"[27 Jul 2026, Business Today] Infosys, OFSS, Coforge shares rally up to 4%; all 10 Nifty IT index stocks rise",No,,,,0,0.0
LODHA,1300.95,61,BUY,12,25,16,0,0,62.3,25.0,131494.0,31.54,27.11,,43.1,103.3,42.238,33.0,60.9,1444.05,1211.3683734328288,1366.0,1561.14,11.0,6.9,11.0,5.0,20.0,6.9,1.6,default,Real Estate,"pe_anchored, peg_1.0_fair_value",pe_anchored: +20.0% | peg_1.0_fair_value: +2.0%,fetch_failed,,,,,"Target/Target_Low/Target_High are MODEL estimates from 3 internal valuation methods (see Valuation_Methods_Used), NOT real analyst consensus. Check Real_Analyst_Target_* columns for actual street data if ANALYST_API_CONFIG is set, or verify independently otherwise.",PEG ~0.31 — undervalued vs growth | Dividend 33.0% — paid to hold | EPS growth 103.3% — explosive | Revenue growth 43.1% — exceptional | Above 50 & 200 DMA — uptrend | RSI 61 — ideal 1Y entry zone,1-2 years,3,3902.85,268.74,2.9,0.375,8,"Largest market cap in Real Estate, Top-3 RS in Real Estate",61,Base: model score 61/100 from Quality+Growth+Technical+Momentum | PEG 0.31 — growth clearly outpaces price (+8) | D/E 42.238 — elevated leverage risk (-8),ok,"[26 Jul 2026, Moneycontrol.com] Stocks to Watch Today: Waaree Renewable, Authum Investment, Lodha Developers, Bank of Baroda, NTPC, AU...",No,,,,3,3902.85
PREMIERENE,1004.4,61,BUY,22,30,5,4,0,37.7,54.2,46763.0,30.78,21.32,42.33,37.6,64.7,86.005,15.0,29.6,1114.88,939.9880265995404,1054.62,1205.28,11.0,6.4,11.0,5.0,20.0,6.4,1.7,default,Diversified/Other,"pe_anchored, peg_1.0_fair_value",pe_anchored: +20.0% | peg_1.0_fair_value: +2.0%,fetch_failed,,,,,"Target/Target_Low/Target_High are MODEL estimates from 3 internal valuation methods (see Valuation_Methods_Used), NOT real analyst consensus. Check Real_Analyst_Target_* columns for actual street data if ANALYST_API_CONFIG is set, or verify independently otherwise.",ROE 42.33% — excellent | PEG ~0.48 — undervalued vs growth | Dividend 15.0% — paid to hold | EPS growth 64.7% — explosive | Revenue growth 37.6% — exceptional | Earnings accelerating (fwd PE 21.32 vs 30.78),1-2 years,4,4017.6,257.65,3.0,0.375,0,,61,Base: model score 61/100 from Quality+Growth+Technical+Momentum | PEG 0.48 — growth clearly outpaces price (+8) | D/E 86.005 — elevated leverage risk (-8),no_recent_news,No recent news found (No high-quality news within 14 days) — quant justification only,No,,,,4,4017.6
LTF,306.1,60,BUY,12,19,13,12,0,92.0,66.7,77474.0,24.57,15.82,,29.3,28.2,393.442,88.0,33.0,339.77,288.0292100772352,321.41,367.32,11.0,5.9,11.0,5.0,20.0,5.9,1.9,default,Diversified Financials,"pe_anchored, peg_1.0_fair_value",pe_anchored: +20.0% | peg_1.0_fair_value: +2.0%,fetch_failed,,,,,"Target/Target_Low/Target_High are MODEL estimates from 3 internal valuation methods (see Valuation_Methods_Used), NOT real analyst consensus. Check Real_Analyst_Target_* columns for actual street data if ANALYST_API_CONFIG is set, or verify independently otherwise.",PEG ~0.87 — undervalued vs growth | Dividend 88.0% — paid to hold | EPS growth 28.2% | Revenue growth 29.3% | Earnings accelerating (fwd PE 15.82 vs 24.57) | Above 50 & 200 DMA — uptrend,1-2 years,16,4897.6,289.13,3.6,0.375,4,Top-3 RS in Diversified Financials,60,Base: model score 60/100 from Quality+Growth+Technical+Momentum | PEG 0.87 — growth clearly outpaces price (+8) | D/E 393.442 — elevated leverage risk (-8),no_recent_news,No recent news found (No high-quality news within 14 days) — quant justification only,No,,,,16,4897.6
CCL,1195.6,60,BUY,12,24,16,4,0,87.6,37.5,15981.0,36.95,25.17,,13.8,61.0,56.487,48.0,44.5,1327.12,1127.2693291749067,1255.38,1434.72,11.0,5.7,11.0,5.0,20.0,5.7,1.9,default,Consumer/Retail,"pe_anchored, peg_1.0_fair_value",pe_anchored: +20.0% | peg_1.0_fair_value: +2.0%,fetch_failed,,,,,"Target/Target_Low/Target_High are MODEL estimates from 3 internal valuation methods (see Valuation_Methods_Used), NOT real analyst consensus. Check Real_Analyst_Target_* columns for actual street data if ANALYST_API_CONFIG is set, or verify independently otherwise.",PEG ~0.61 — undervalued vs growth | Dividend 48.0% — paid to hold | EPS growth 61.0% — explosive | Revenue growth 13.8% | Earnings accelerating (fwd PE 25.17 vs 36.95) | Above 50 & 200 DMA — uptrend,1-2 years,4,4782.4,273.32,3.5,0.375,4,Top-3 RS in Consumer/Retail,60,Base: model score 60/100 from Quality+Growth+Technical+Momentum | PEG 0.61 — growth clearly outpaces price (+8) | D/E 56.487 — elevated leverage risk (-8),ok,"[27 Jul 2026, Moneycontrol.com] Stocks to Watch Today: Meesho, Zaggle Prepaid, CCL Products, Usha Martin, Godfrey Phillips, Tata...",No,,,,4,4782.4
MAHABANK,79.98,60,BUY,22,18,5,6,5,89.4,87.5,62094.0,8.19,,22.96,21.8,34.2,,2.74,36.8,95.98,75.2110172562784,95.98,95.98,20.0,6.0,20.0,20.0,20.0,6.0,3.3,psu_bank,Banking,"pe_anchored, peg_1.0_fair_value, roe_pb_implied",pe_anchored: +20.0% | peg_1.0_fair_value: +20.0% | roe_pb_implied: +20.0%,fetch_failed,,,,,"Target/Target_Low/Target_High are MODEL estimates from 3 internal valuation methods (see Valuation_Methods_Used), NOT real analyst consensus. Check Real_Analyst_Target_* columns for actual street data if ANALYST_API_CONFIG is set, or verify independently otherwise.","ROE 22.96% — excellent | PEG ~0.24 — undervalued vs growth | Dividend 2.74% — paid to hold | EPS growth 34.2% — strong | Revenue growth 21.8% | RSI 37 — oversold, contrarian entry",1-2 years,63,5038.74,300.45,3.7,0.375,4,Highest ROE in Banking,68,Base: model score 60/100 from Quality+Growth+Technical+Momentum | PEG 0.24 — growth clearly outpaces price (+8),ok,"[24 Jul 2026, Business Standard] NSE adds Ather Energy, Bank of Maharashtra and Sagility to F&O segment",YES,50.0,65.19,22.7,120,9597.6
ECLERX,1968.9,60,BUY,22,19,8,8,-5,61.2,8.3,17961.0,26.24,19.84,29.0,23.3,26.0,15.012,3.0,73.0,2185.48,1786.2504912745235,2067.35,2362.68,11.0,9.3,11.0,5.0,20.0,9.3,1.2,default,Business/Support Services,"pe_anchored, peg_1.0_fair_value",pe_anchored: +20.0% | peg_1.0_fair_value: +2.0%,fetch_failed,,,,,"Target/Target_Low/Target_High are MODEL estimates from 3 internal valuation methods (see Valuation_Methods_Used), NOT real analyst consensus. Check Real_Analyst_Target_* columns for actual street data if ANALYST_API_CONFIG is set, or verify independently otherwise.",ROE 29.0% — excellent | PEG ~1.01 — undervalued vs growth | Dividend 3.0% — paid to hold | EPS growth 26.0% | Revenue growth 23.3% | Earnings accelerating (fwd PE 19.84 vs 26.24),1-2 years,2,3937.8,365.3,2.9,0.375,8,"Largest market cap in Business/Support Services, Top-3 RS in Business/Support Services",52,Base: model score 60/100 from Quality+Growth+Technical+Momentum | D/E 15.012 — elevated leverage risk (-8),no_recent_news,No recent news found (No high-quality news within 14 days) — quant justification only,No,,,,2,3937.8
NIVABUPA,86.48,59,BUY,0,27,16,12,0,52.1,20.8,15855.0,122.49,31.87,10.65,26.8,90.2,9.883,,49.9,95.99,82.2159109655957,90.8,103.78,11.0,4.9,11.0,5.0,20.0,4.9,2.2,default,Insurance,"pe_anchored, peg_1.0_fair_value",pe_anchored: +20.0% | peg_1.0_fair_value: +2.0%,fetch_failed,,,,,"Target/Target_Low/Target_High are MODEL estimates from 3 internal valuation methods (see Valuation_Methods_Used), NOT real analyst consensus. Check Real_Analyst_Target_* columns for actual street data if ANALYST_API_CONFIG is set, or verify independently otherwise.",EPS growth 90.2% — explosive | Revenue growth 26.8% | Earnings accelerating (fwd PE 31.87 vs 122.49) | Above 50 & 200 DMA — uptrend | RSI 50 — ideal 1Y entry zone | 6M return 12% — healthy,1-2 years,58,5015.84,247.32,3.7,0.375,4,Top-3 RS in Insurance,51,Base: model score 59/100 from Quality+Growth+Technical+Momentum | D/E 9.883 — elevated leverage risk (-8),no_recent_news,No recent news found (No high-quality news within 14 days) — quant justification only,No,,,,58,5015.84
HAL,4573.6,59,BUY,23,5,11,12,0,51.0,50.0,307101.0,33.73,27.44,23.98,1.8,5.5,0.027,43.0,68.1,5076.7,4392.700493940257,4802.28,5488.32,11.0,4.0,11.0,5.0,20.0,4.0,2.8,psu_other,Defense,"pe_anchored, peg_1.0_fair_value",pe_anchored: +20.0% | peg_1.0_fair_value: +2.0%,fetch_failed,,,,,"Target/Target_Low/Target_High are MODEL estimates from 3 internal valuation methods (see Valuation_Methods_Used), NOT real analyst consensus. Check Real_Analyst_Target_* columns for actual street data if ANALYST_API_CONFIG is set, or verify independently otherwise.",ROE 23.98% — excellent | D/E 0.027 — fortress balance sheet | Dividend 43.0% — paid to hold | Earnings accelerating (fwd PE 27.44 vs 33.73) | Above 50 & 200 DMA — uptrend | RSI 68 — slightly elevated,1-2 years,0,0.0,0.0,0.0,0.375,8,"Largest market cap in Defense, Top-3 RS in Defense",49,Base: model score 59/100 from Quality+Growth+Technical+Momentum | PEG 6.13 — expensive vs growth rate (-10),no_recent_news,No recent news found (No high-quality news within 14 days) — quant justification only,No,,,,0,0.0
CAPLIPOINT,2592.9,59,BUY,19,16,16,4,0,76.4,45.8,19863.0,31.07,24.43,19.94,19.0,19.4,0.127,31.0,47.7,2878.12,2406.200156439154,2722.54,3111.48,11.0,7.2,11.0,5.0,20.0,7.2,1.5,default,Chemicals & Paints,"pe_anchored, peg_1.0_fair_value",pe_anchored: +20.0% | peg_1.0_fair_value: +2.0%,fetch_failed,,,,,"Target/Target_Low/Target_High are MODEL estimates from 3 internal valuation methods (see Valuation_Methods_Used), NOT real analyst consensus. Check Real_Analyst_Target_* columns for actual street data if ANALYST_API_CONFIG is set, or verify independently otherwise.",ROE 19.94% — good | D/E 0.127 — fortress balance sheet | Dividend 31.0% — paid to hold | EPS growth 19.4% | Revenue growth 19.0% | Earnings accelerating (fwd PE 24.43 vs 31.07),1-2 years,1,2592.9,186.7,1.9,0.375,4,Top-3 RS in Chemicals & Paints,59,Base: model score 59/100 from Quality+Growth+Technical+Momentum,no_recent_news,No recent news found (No high-quality news within 14 days) — quant justification only,No,,,,1,2592.9
KOTAKBANK,388.4,59,BUY,12,19,11,12,5,45.8,87.5,388111.0,18.91,15.27,,21.0,22.5,,17.0,60.3,464.14,372.3927325510235,462.2,466.08,19.5,4.1,19.5,19.0,20.0,4.1,4.8,private_bank,Banking,"pe_anchored, peg_1.0_fair_value",pe_anchored: +20.0% | peg_1.0_fair_value: +19.0%,fetch_failed,,,,,"Target/Target_Low/Target_High are MODEL estimates from 3 internal valuation methods (see Valuation_Methods_Used), NOT real analyst consensus. Check Real_Analyst_Target_* columns for actual street data if ANALYST_API_CONFIG is set, or verify independently otherwise.",PEG ~0.84 — undervalued vs growth | Dividend 17.0% — paid to hold | EPS growth 22.5% | Revenue growth 21.0% | Earnings accelerating (fwd PE 15.27 vs 18.91) | RSI 60 — ideal 1Y entry zone,1-2 years,13,5049.2,208.09,3.7,0.375,0,,67,Base: model score 59/100 from Quality+Growth+Technical+Momentum | PEG 0.84 — growth clearly outpaces price (+8),ok,"[20 Jul 2026, NDTV Profit] Bank Stocks Under Pressure: Axis, Kotak, HDFC Bank Shares Fall 5% After Q1 Results — Buy, Sell, Or Hold?",No,,,,13,5049.2
ITCHOTELS,162.33,59,BUY,17,20,11,11,0,6.7,54.2,33957.0,39.28,27.98,,14.8,35.9,0.634,62.0,28.4,180.19,152.09452606371073,170.45,194.8,11.0,6.3,11.0,5.0,20.0,6.3,1.7,default,Diversified/Other,"pe_anchored, peg_1.0_fair_value",pe_anchored: +20.0% | peg_1.0_fair_value: +2.0%,fetch_failed,,,,,"Target/Target_Low/Target_High are MODEL estimates from 3 internal valuation methods (see Valuation_Methods_Used), NOT real analyst consensus. Check Real_Analyst_Target_* columns for actual street data if ANALYST_API_CONFIG is set, or verify independently otherwise.",D/E 0.634 — manageable | PEG ~1.09 — undervalued vs growth | Dividend 62.0% — paid to hold | EPS growth 35.9% — strong | Revenue growth 14.8% | Earnings accelerating (fwd PE 27.98 vs 39.28),1-2 years,31,5032.23,317.3,3.7,0.375,0,,59,Base: model score 59/100 from Quality+Growth+Technical+Momentum,no_recent_news,No recent news found (No high-quality news within 14 days) — quant justification only,No,,,,31,5032.23
IIFL,612.1,59,BUY,12,27,8,8,0,72.7,79.2,25309.0,12.12,7.7,,31.8,189.5,447.421,69.0,72.1,734.52,570.5947685240832,734.52,734.52,20.0,6.8,20.0,20.0,20.0,6.8,2.9,default,Capital Markets Infra,"pe_anchored, peg_1.0_fair_value",pe_anchored: +20.0% | peg_1.0_fair_value: +20.0%,fetch_failed,,,,,"Target/Target_Low/Target_High are MODEL estimates from 3 internal valuation methods (see Valuation_Methods_Used), NOT real analyst consensus. Check Real_Analyst_Target_* columns for actual street data if ANALYST_API_CONFIG is set, or verify independently otherwise.",PEG ~0.06 — undervalued vs growth | Dividend 69.0% — paid to hold | EPS growth 189.5% — explosive | Revenue growth 31.8% | Earnings accelerating (fwd PE 7.7 vs 12.12) | Above 50 & 200 DMA — uptrend,1-2 years,8,4896.8,332.04,3.6,0.375,4,Top-3 RS in Capital Markets Infra,59,Base: model score 59/100 from Quality+Growth+Technical+Momentum | PEG 0.06 — growth clearly outpaces price (+8) | D/E 447.421 — elevated leverage risk (-8),no_recent_news,No recent news found (No high-quality news within 14 days) — quant justification only,No,,,,8,4896.8
JUBLINGREA,730.05,59,BUY,12,23,16,8,0,39.9,54.2,11641.0,37.91,24.42,,25.3,40.6,25.328,69.0,54.5,810.36,678.2971165201989,766.55,876.06,11.0,7.1,11.0,5.0,20.0,7.1,1.5,default,Diversified/Other,"pe_anchored, peg_1.0_fair_value",pe_anchored: +20.0% | peg_1.0_fair_value: +2.0%,fetch_failed,,,,,"Target/Target_Low/Target_High are MODEL estimates from 3 internal valuation methods (see Valuation_Methods_Used), NOT real analyst consensus. Check Real_Analyst_Target_* columns for actual street data if ANALYST_API_CONFIG is set, or verify independently otherwise.",PEG ~0.93 — undervalued vs growth | Dividend 69.0% — paid to hold | EPS growth 40.6% — strong | Revenue growth 25.3% | Earnings accelerating (fwd PE 24.42 vs 37.91) | Above 50 & 200 DMA — uptrend,1-2 years,6,4380.3,310.52,3.2,0.375,0,,59,Base: model score 59/100 from Quality+Growth+Technical+Momentum | PEG 0.93 — growth clearly outpaces price (+8) | D/E 25.328 — elevated leverage risk (-8),no_recent_news,No recent news found (No high-quality news within 14 days) — quant justification only,No,,,,6,4380.3
SCHAEFFLER,4143.0,58,BUY,16,9,16,12,5,53.1,83.3,65019.0,51.73,41.33,21.64,17.3,13.0,0.783,84.0,61.2,4598.73,3929.432875370979,4350.15,4971.6,11.0,5.2,11.0,5.0,20.0,5.2,2.1,default,Auto & Ancillaries,"pe_anchored, peg_1.0_fair_value",pe_anchored: +20.0% | peg_1.0_fair_value: +2.0%,fetch_failed,,,,,"Target/Target_Low/Target_High are MODEL estimates from 3 internal valuation methods (see Valuation_Methods_Used), NOT real analyst consensus. Check Real_Analyst_Target_* columns for actual street data if ANALYST_API_CONFIG is set, or verify independently otherwise.",ROE 21.64% — good | D/E 0.783 — manageable | Dividend 84.0% — paid to hold | Revenue growth 17.3% | Earnings accelerating (fwd PE 41.33 vs 51.73) | Above 50 & 200 DMA — uptrend,1-2 years,1,4143.0,213.57,3.0,0.375,0,,58,Base: model score 58/100 from Quality+Growth+Technical+Momentum,ok,"[22 Jul 2026, scanx.trade] Schaeffler India Q1 profit rises 13.6% on revenue growth",No,,,,1,4143.0
SOBHA,1358.0,58,BUY,5,30,11,12,0,24.7,25.0,14585.0,63.4,18.87,,50.0,274.0,24.62,45.0,28.6,1507.38,1268.219358196335,1425.9,1629.6,11.0,6.6,11.0,5.0,20.0,6.6,1.7,default,Real Estate,"pe_anchored, peg_1.0_fair_value",pe_anchored: +20.0% | peg_1.0_fair_value: +2.0%,fetch_failed,,,,,"Target/Target_Low/Target_High are MODEL estimates from 3 internal valuation methods (see Valuation_Methods_Used), NOT real analyst consensus. Check Real_Analyst_Target_* columns for actual street data if ANALYST_API_CONFIG is set, or verify independently otherwise.","Dividend 45.0% — paid to hold | EPS growth 274.0% — explosive | Revenue growth 50.0% — exceptional | Earnings accelerating (fwd PE 18.87 vs 63.4) | RSI 29 — oversold, contrarian entry | Near 52W low (39%) — good entry",1-2 years,3,4074.0,269.34,3.0,0.375,0,,58,Base: model score 58/100 from Quality+Growth+Technical+Momentum | PEG 0.23 — growth clearly outpaces price (+8) | D/E 24.62 — elevated leverage risk (-8),ok,"[21 Jul 2026, Moneycontrol.com] Stocks to Watch Today: SBI Funds Management, Sobha, Rallis India, Bluestone Jewellery, Wanbury, Redington,...",No,,,,3,4074.0
INDUSINDBK,1010.0,58,BUY,5,20,16,12,5,79.0,87.5,78872.0,58.48,12.88,,1.0,71.7,,15.0,48.6,1121.1,960.8423827350894,1060.5,1212.0,11.0,4.9,11.0,5.0,20.0,4.9,2.2,private_bank,Banking,"pe_anchored, peg_1.0_fair_value",pe_anchored: +20.0% | peg_1.0_fair_value: +2.0%,fetch_failed,,,,,"Target/Target_Low/Target_High are MODEL estimates from 3 internal valuation methods (see Valuation_Methods_Used), NOT real analyst consensus. Check Real_Analyst_Target_* columns for actual street data if ANALYST_API_CONFIG is set, or verify independently otherwise.",Dividend 15.0% — paid to hold | EPS growth 71.7% — explosive | Earnings accelerating (fwd PE 12.88 vs 58.48) | Above 50 & 200 DMA — uptrend | RSI 49 — ideal 1Y entry zone | 6M return 13% — healthy,1-2 years,4,4040.0,196.63,3.0,0.375,0,,66,Base: model score 58/100 from Quality+Growth+Technical+Momentum | PEG 0.82 — growth clearly outpaces price (+8),no_recent_news,No recent news found (No high-quality news within 14 days) — quant justification only,No,,,,4,4040.0
POONAWALLA,477.35,58,BUY,0,30,16,12,0,66.6,54.2,42173.0,50.43,19.61,,100.3,337.0,468.058,,50.2,529.86,448.268762001605,501.22,572.82,11.0,6.1,11.0,5.0,20.0,6.1,1.8,default,Diversified/Other,"pe_anchored, peg_1.0_fair_value",pe_anchored: +20.0% | peg_1.0_fair_value: +2.0%,fetch_failed,,,,,"Target/Target_Low/Target_High are MODEL estimates from 3 internal valuation methods (see Valuation_Methods_Used), NOT real analyst consensus. Check Real_Analyst_Target_* columns for actual street data if ANALYST_API_CONFIG is set, or verify independently otherwise.",EPS growth 337.0% — explosive | Revenue growth 100.3% — exceptional | Earnings accelerating (fwd PE 19.61 vs 50.43) | Above 50 & 200 DMA — uptrend | RSI 50 — ideal 1Y entry zone | 6M return 19% — healthy,1-2 years,10,4773.5,290.81,3.5,0.375,0,,58,Base: model score 58/100 from Quality+Growth+Technical+Momentum | PEG 0.15 — growth clearly outpaces price (+8) | D/E 468.058 — elevated leverage risk (-8),ok,"[19 Jul 2026, Moneycontrol.com] Stocks to Watch Today: Reliance Industries, ICICI Bank, HDFC Bank, NATCO Pharma, Oberoi Realty, RBL Bank,...",No,,,,10,4773.5
SRF,2631.2,57,BUY,12,27,6,12,0,29.1,45.8,78364.0,36.24,29.24,,31.8,75.6,36.195,38.0,41.0,2920.63,2477.7896322496244,2762.76,3157.44,11.0,5.8,11.0,5.0,20.0,5.8,1.9,default,Chemicals & Paints,"pe_anchored, peg_1.0_fair_value",pe_anchored: +20.0% | peg_1.0_fair_value: +2.0%,fetch_failed,,,,,"Target/Target_Low/Target_High are MODEL estimates from 3 internal valuation methods (see Valuation_Methods_Used), NOT real analyst consensus. Check Real_Analyst_Target_* columns for actual street data if ANALYST_API_CONFIG is set, or verify independently otherwise.",PEG ~0.48 — undervalued vs growth | Dividend 38.0% — paid to hold | EPS growth 75.6% — explosive | Revenue growth 31.8% | Earnings accelerating (fwd PE 29.24 vs 36.24) | Near 52W low (33%) — good entry,1-2 years,1,2631.2,153.41,1.9,0.375,0,,57,Base: model score 57/100 from Quality+Growth+Technical+Momentum | PEG 0.48 — growth clearly outpaces price (+8) | D/E 36.195 — elevated leverage risk (-8),no_recent_news,No recent news found (No high-quality news within 14 days) — quant justification only,No,,,,1,2631.2
ETERNAL,308.6,57,BUY,0,30,11,8,0,49.5,62.5,287024.0,663.4,81.62,,182.0,233.3,14.826,,63.5,342.55,290.00158500413664,324.03,370.32,11.0,6.0,11.0,5.0,20.0,6.0,1.8,consumer_retail,New-Age Tech,"pe_anchored, peg_1.0_fair_value",pe_anchored: +20.0% | peg_1.0_fair_value: +2.0%,fetch_failed,,,,,"Target/Target_Low/Target_High are MODEL estimates from 3 internal valuation methods (see Valuation_Methods_Used), NOT real analyst consensus. Check Real_Analyst_Target_* columns for actual street data if ANALYST_API_CONFIG is set, or verify independently otherwise.",EPS growth 233.3% — explosive | Revenue growth 182.0% — exceptional | Earnings accelerating (fwd PE 81.62 vs 663.4) | Above 50 & 200 DMA — uptrend | RSI 63 — slightly elevated | 6M return 12% — healthy,1-2 years,16,4937.6,297.57,3.6,0.375,8,"Largest market cap in New-Age Tech, Top-3 RS in New-Age Tech",49,Base: model score 57/100 from Quality+Growth+Technical+Momentum | D/E 14.826 — elevated leverage risk (-8),no_recent_news,No recent news found (No high-quality news within 14 days) — quant justification only,No,,,,16,4937.6
ADANIENSOL,1662.6,57,BUY,0,30,16,7,0,98.9,58.3,200350.0,68.02,46.13,,42.4,124.1,194.5,,51.5,1845.49,1553.5766934546423,1745.73,1995.12,11.0,6.6,11.0,5.0,20.0,6.6,1.7,default,Renewables/Power,"pe_anchored, peg_1.0_fair_value",pe_anchored: +20.0% | peg_1.0_fair_value: +2.0%,fetch_failed,,,,,"Target/Target_Low/Target_High are MODEL estimates from 3 internal valuation methods (see Valuation_Methods_Used), NOT real analyst consensus. Check Real_Analyst_Target_* columns for actual street data if ANALYST_API_CONFIG is set, or verify independently otherwise.",EPS growth 124.1% — explosive | Revenue growth 42.4% — exceptional | Earnings accelerating (fwd PE 46.13 vs 68.02) | Above 50 & 200 DMA — uptrend | RSI 52 — ideal 1Y entry zone | 1M return 7% — stable base,1-2 years,3,4987.8,327.07,3.7,0.375,4,Top-3 RS in Renewables/Power,57,Base: model score 57/100 from Quality+Growth+Technical+Momentum | PEG 0.55 — growth clearly outpaces price (+8) | D/E 194.5 — elevated leverage risk (-8),no_recent_news,No recent news found (No high-quality news within 14 days) — quant justification only,No,,,,3,4987.8
ATUL,6851.5,57,BUY,12,22,11,12,0,52.7,54.2,20016.0,25.18,22.15,,25.0,92.0,2.907,45.0,71.9,7605.17,6457.942463269012,7194.08,8221.8,11.0,5.7,11.0,5.0,20.0,5.7,1.9,default,Diversified/Other,"pe_anchored, peg_1.0_fair_value",pe_anchored: +20.0% | peg_1.0_fair_value: +2.0%,fetch_failed,,,,,"Target/Target_Low/Target_High are MODEL estimates from 3 internal valuation methods (see Valuation_Methods_Used), NOT real analyst consensus. Check Real_Analyst_Target_* columns for actual street data if ANALYST_API_CONFIG is set, or verify independently otherwise.",PEG ~0.27 — undervalued vs growth | Dividend 45.0% — paid to hold | EPS growth 92.0% — explosive | Revenue growth 25.0% | Above 50 & 200 DMA — uptrend | RSI 72 — slightly elevated,1-2 years,0,0.0,0.0,0.0,0.375,0,,57,Base: model score 57/100 from Quality+Growth+Technical+Momentum | PEG 0.27 — growth clearly outpaces price (+8) | D/E 2.907 — elevated leverage risk (-8),no_recent_news,No recent news found (No high-quality news within 14 days) — quant justification only,No,,,,0,0.0
ARE&M,889.95,57,BUY,7,19,16,15,0,38.6,54.2,16159.0,17.61,15.3,11.57,15.5,94.5,5.015,1.23,51.9,1067.94,842.368630792229,1067.94,1067.94,20.0,5.3,20.0,20.0,20.0,5.3,3.8,default,Diversified/Other,"pe_anchored, peg_1.0_fair_value",pe_anchored: +20.0% | peg_1.0_fair_value: +20.0%,fetch_failed,,,,,"Target/Target_Low/Target_High are MODEL estimates from 3 internal valuation methods (see Valuation_Methods_Used), NOT real analyst consensus. Check Real_Analyst_Target_* columns for actual street data if ANALYST_API_CONFIG is set, or verify independently otherwise.",PEG ~0.19 — undervalued vs growth | EPS growth 94.5% — explosive | Revenue growth 15.5% | Above 50 & 200 DMA — uptrend | RSI 52 — ideal 1Y entry zone | 6M return 8% — healthy,1-2 years,5,4449.75,237.91,3.3,0.375,0,,57,Base: model score 57/100 from Quality+Growth+Technical+Momentum | PEG 0.19 — growth clearly outpaces price (+8) | D/E 5.015 — elevated leverage risk (-8),no_recent_news,No recent news found (No high-quality news within 14 days) — quant justification only,No,,,,5,4449.75
BIKAJI,652.65,57,BUY,11,16,18,12,0,25.2,37.5,16094.0,62.5,43.46,15.96,18.5,26.3,17.531,20.0,58.3,724.44,622.8102156651549,685.28,783.18,11.0,4.6,11.0,5.0,20.0,4.6,2.4,default,Consumer/Retail,"pe_anchored, peg_1.0_fair_value",pe_anchored: +20.0% | peg_1.0_fair_value: +2.0%,fetch_failed,,,,,"Target/Target_Low/Target_High are MODEL estimates from 3 internal valuation methods (see Valuation_Methods_Used), NOT real analyst consensus. Check Real_Analyst_Target_* columns for actual street data if ANALYST_API_CONFIG is set, or verify independently otherwise.",ROE 15.96% — good | Dividend 20.0% — paid to hold | EPS growth 26.3% | Revenue growth 18.5% | Earnings accelerating (fwd PE 43.46 vs 62.5) | Above 50 DMA,1-2 years,7,4568.55,208.88,3.4,0.375,0,,49,Base: model score 57/100 from Quality+Growth+Technical+Momentum | D/E 17.531 — elevated leverage risk (-8),no_recent_news,No recent news found (No high-quality news within 14 days) — quant justification only,No,,,,7,4568.55
TVSMOTOR,4168.6,57,BUY,5,27,8,8,5,91.1,83.3,193683.0,55.25,35.7,,34.3,67.1,306.09,30.0,79.2,4627.15,3972.622410359463,4377.03,5002.32,11.0,4.7,11.0,5.0,20.0,4.7,2.3,default,Auto & Ancillaries,"pe_anchored, peg_1.0_fair_value",pe_anchored: +20.0% | peg_1.0_fair_value: +2.0%,fetch_failed,,,,,"Target/Target_Low/Target_High are MODEL estimates from 3 internal valuation methods (see Valuation_Methods_Used), NOT real analyst consensus. Check Real_Analyst_Target_* columns for actual street data if ANALYST_API_CONFIG is set, or verify independently otherwise.",Dividend 30.0% — paid to hold | EPS growth 67.1% — explosive | Revenue growth 34.3% | Earnings accelerating (fwd PE 35.7 vs 55.25) | Above 50 & 200 DMA — uptrend | 6M return 14% — healthy,1-2 years,1,4168.6,195.98,3.1,0.375,4,Top-3 RS in Auto & Ancillaries,57,Base: model score 57/100 from Quality+Growth+Technical+Momentum | PEG 0.82 — growth clearly outpaces price (+8) | D/E 306.09 — elevated leverage risk (-8),no_recent_news,No recent news found (No high-quality news within 14 days) — quant justification only,No,,,,1,4168.6
ACE,1041.0,56,BUY,17,19,16,4,0,40.8,54.2,12513.0,28.61,22.32,,20.5,22.3,0.393,19.0,59.6,1155.51,968.0656883743338,1093.05,1249.2,11.0,7.0,11.0,5.0,20.0,7.0,1.6,default,Diversified/Other,"pe_anchored, peg_1.0_fair_value",pe_anchored: +20.0% | peg_1.0_fair_value: +2.0%,fetch_failed,,,,,"Target/Target_Low/Target_High are MODEL estimates from 3 internal valuation methods (see Valuation_Methods_Used), NOT real analyst consensus. Check Real_Analyst_Target_* columns for actual street data if ANALYST_API_CONFIG is set, or verify independently otherwise.",D/E 0.393 — manageable | PEG ~1.28 — undervalued vs growth | Dividend 19.0% — paid to hold | EPS growth 22.3% | Revenue growth 20.5% | Earnings accelerating (fwd PE 22.32 vs 28.61),1-2 years,4,4164.0,291.74,3.1,0.375,0,,56,Base: model score 56/100 from Quality+Growth+Technical+Momentum,no_recent_news,No recent news found (No high-quality news within 14 days) — quant justification only,No,,,,4,4164.0
ASAHIINDIA,874.7,56,BUY,5,20,14,12,5,56.0,83.3,22402.0,63.49,37.88,10.49,14.8,36.9,55.868,23.0,44.3,970.92,824.4157376627202,918.44,1049.64,11.0,5.7,11.0,5.0,20.0,5.7,1.9,default,Auto & Ancillaries,"pe_anchored, peg_1.0_fair_value",pe_anchored: +20.0% | peg_1.0_fair_value: +2.0%,fetch_failed,,,,,"Target/Target_Low/Target_High are MODEL estimates from 3 internal valuation methods (see Valuation_Methods_Used), NOT real analyst consensus. Check Real_Analyst_Target_* columns for actual street data if ANALYST_API_CONFIG is set, or verify independently otherwise.",Dividend 23.0% — paid to hold | EPS growth 36.9% — strong | Revenue growth 14.8% | Earnings accelerating (fwd PE 37.88 vs 63.49) | RSI 44 — ideal 1Y entry zone | Near 52W low (33%) — good entry,1-2 years,5,4373.5,251.42,3.2,0.375,0,,48,Base: model score 56/100 from Quality+Growth+Technical+Momentum | D/E 55.868 — elevated leverage risk (-8),no_recent_news,No recent news found (No high-quality news within 14 days) — quant justification only,No,,,,5,4373.5
FEDERALBNK,356.25,56,BUY,12,23,8,4,5,95.7,87.5,88595.0,19.23,13.31,,21.4,32.7,,34.0,76.5,427.5,343.256311208369,427.5,427.5,20.0,3.6,20.0,20.0,20.0,3.6,5.6,private_bank,Banking,"pe_anchored, peg_1.0_fair_value",pe_anchored: +20.0% | peg_1.0_fair_value: +20.0%,fetch_failed,,,,,"Target/Target_Low/Target_High are MODEL estimates from 3 internal valuation methods (see Valuation_Methods_Used), NOT real analyst consensus. Check Real_Analyst_Target_* columns for actual street data if ANALYST_API_CONFIG is set, or verify independently otherwise.",PEG ~0.59 — undervalued vs growth | Dividend 34.0% — paid to hold | EPS growth 32.7% — strong | Revenue growth 21.4% | Earnings accelerating (fwd PE 13.31 vs 19.23) | Above 50 & 200 DMA — uptrend,1-2 years,14,4987.5,181.91,3.7,0.375,4,Top-3 RS in Banking,64,Base: model score 56/100 from Quality+Growth+Technical+Momentum | PEG 0.59 — growth clearly outpaces price (+8),no_recent_news,No recent news found (No high-quality news within 14 days) — quant justification only,No,,,,14,4987.5
ZFCVINDIA,2405.9,56,BUY,12,18,14,12,0,59.4,54.2,27196.0,2.66,35.89,,32.7,46.1,,17.0,59.1,2887.08,2223.4881890874976,2887.08,2887.08,20.0,7.6,20.0,20.0,20.0,7.6,2.6,default,Diversified/Other,"pe_anchored, peg_1.0_fair_value",pe_anchored: +20.0% | peg_1.0_fair_value: +20.0%,fetch_failed,,,,,"Target/Target_Low/Target_High are MODEL estimates from 3 internal valuation methods (see Valuation_Methods_Used), NOT real analyst consensus. Check Real_Analyst_Target_* columns for actual street data if ANALYST_API_CONFIG is set, or verify independently otherwise.",PEG ~0.06 — undervalued vs growth | Dividend 17.0% — paid to hold | EPS growth 46.1% — strong | Revenue growth 32.7% | RSI 59 — ideal 1Y entry zone | Near 52W low (36%) — good entry,1-2 years,1,2405.9,182.41,1.8,0.375,0,,64,Base: model score 56/100 from Quality+Growth+Technical+Momentum | PEG 0.06 — growth clearly outpaces price (+8),no_recent_news,No recent news found (No high-quality news within 14 days) — quant justification only,No,,,,1,2405.9
SARDAEN,517.85,56,BUY,18,16,10,12,0,71.8,54.2,18451.0,16.69,11.06,16.0,-0.6,45.9,35.204,29.0,67.1,621.42,491.18582555123186,621.42,621.42,20.0,5.1,20.0,20.0,20.0,5.1,3.9,default,Diversified/Other,"pe_anchored, peg_1.0_fair_value",pe_anchored: +20.0% | peg_1.0_fair_value: +20.0%,fetch_failed,,,,,"Target/Target_Low/Target_High are MODEL estimates from 3 internal valuation methods (see Valuation_Methods_Used), NOT real analyst consensus. Check Real_Analyst_Target_* columns for actual street data if ANALYST_API_CONFIG is set, or verify independently otherwise.",ROE 16.0% — good | PEG ~0.36 — undervalued vs growth | Dividend 29.0% — paid to hold | EPS growth 45.9% — strong | Earnings accelerating (fwd PE 11.06 vs 16.69) | Above 50 DMA,1-2 years,9,4660.65,239.98,3.4,0.375,0,,56,Base: model score 56/100 from Quality+Growth+Technical+Momentum | PEG 0.36 — growth clearly outpaces price (+8) | D/E 35.204 — elevated leverage risk (-8),ok,"[25 Jul 2026, TradingView] Sarda Energy & Minerals Limited Revenue Breakdown – NSE:SARDAEN",No,,,,9,4660.65
SHYAMMETL,1023.15,56,BUY,12,19,11,4,10,59.0,95.8,28768.0,25.74,15.3,,23.5,20.7,8.133,53.0,66.9,1135.7,963.1405128616109,1074.31,1227.78,11.0,5.9,11.0,5.0,20.0,5.9,1.9,default,Metals & Mining,"pe_anchored, peg_1.0_fair_value",pe_anchored: +20.0% | peg_1.0_fair_value: +2.0%,fetch_failed,,,,,"Target/Target_Low/Target_High are MODEL estimates from 3 internal valuation methods (see Valuation_Methods_Used), NOT real analyst consensus. Check Real_Analyst_Target_* columns for actual street data if ANALYST_API_CONFIG is set, or verify independently otherwise.",PEG ~1.24 — undervalued vs growth | Dividend 53.0% — paid to hold | EPS growth 20.7% | Revenue growth 23.5% | Earnings accelerating (fwd PE 15.3 vs 25.74) | Above 50 & 200 DMA — uptrend,1-2 years,4,4092.6,240.04,3.0,0.375,0,,48,Base: model score 56/100 from Quality+Growth+Technical+Momentum | D/E 8.133 — elevated leverage risk (-8),ok,"[29 Jul 2026, TradingView] Shyam Metalics & Energy Ltd. Revenue Breakdown – NSE:SHYAMMETL",No,,,,4,4092.6
GVT&D,4053.3,56,BUY,15,30,8,3,0,94.8,54.2,105020.0,85.47,51.45,55.26,42.0,88.7,0.892,24.0,26.2,4499.16,3646.235152671616,4255.97,4863.96,11.0,10.0,11.0,5.0,20.0,10.0,1.1,default,Diversified/Other,"pe_anchored, peg_1.0_fair_value",pe_anchored: +20.0% | peg_1.0_fair_value: +2.0%,fetch_failed,,,,,"Target/Target_Low/Target_High are MODEL estimates from 3 internal valuation methods (see Valuation_Methods_Used), NOT real analyst consensus. Check Real_Analyst_Target_* columns for actual street data if ANALYST_API_CONFIG is set, or verify independently otherwise.","ROE 55.26% — excellent | Dividend 24.0% — paid to hold | EPS growth 88.7% — explosive | Revenue growth 42.0% — exceptional | Earnings accelerating (fwd PE 51.45 vs 85.47) | RSI 26 — oversold, contrarian entry",1-2 years,1,4053.3,407.06,3.0,0.375,0,,64,Base: model score 56/100 from Quality+Growth+Technical+Momentum | PEG 0.96 — growth clearly outpaces price (+8),no_recent_news,No recent news found (No high-quality news within 14 days) — quant justification only,No,,,,1,4053.3
SBILIFE,1901.7,55,BUY,5,16,10,12,0,53.8,20.8,190108.0,73.22,54.16,13.7,18.9,21.9,,14.0,65.0,2110.89,1824.6357374587437,1996.78,2282.04,11.0,4.1,11.0,5.0,20.0,4.1,2.7,default,Insurance,"pe_anchored, peg_1.0_fair_value",pe_anchored: +20.0% | peg_1.0_fair_value: +2.0%,fetch_failed,,,,,"Target/Target_Low/Target_High are MODEL estimates from 3 internal valuation methods (see Valuation_Methods_Used), NOT real analyst consensus. Check Real_Analyst_Target_* columns for actual street data if ANALYST_API_CONFIG is set, or verify independently otherwise.",Dividend 14.0% — paid to hold | EPS growth 21.9% | Revenue growth 18.9% | Earnings accelerating (fwd PE 54.16 vs 73.22) | Above 50 DMA | RSI 65 — slightly elevated,1-2 years,2,3803.4,154.13,2.8,0.375,12,"Largest market cap in Insurance, Top-3 RS in Insurance, Highest ROE in Insurance",55,Base: model score 55/100 from Quality+Growth+Technical+Momentum,no_recent_news,No recent news found (No high-quality news within 14 days) — quant justification only,No,,,,2,3803.4
NYKAA,330.75,55,BUY,0,27,16,4,0,92.6,62.5,93792.0,474.64,117.53,14.34,28.4,290.2,82.405,,58.3,367.13,316.11724215487135,347.29,396.9,11.0,4.4,11.0,5.0,20.0,4.4,2.5,consumer_retail,New-Age Tech,"pe_anchored, peg_1.0_fair_value",pe_anchored: +20.0% | peg_1.0_fair_value: +2.0%,fetch_failed,,,,,"Target/Target_Low/Target_High are MODEL estimates from 3 internal valuation methods (see Valuation_Methods_Used), NOT real analyst consensus. Check Real_Analyst_Target_* columns for actual street data if ANALYST_API_CONFIG is set, or verify independently otherwise.",EPS growth 290.2% — explosive | Revenue growth 28.4% | Earnings accelerating (fwd PE 117.53 vs 474.64) | Above 50 & 200 DMA — uptrend | RSI 58 — ideal 1Y entry zone | 1M return 7% — stable base,1-2 years,15,4961.25,219.49,3.6,0.375,8,"Top-3 RS in New-Age Tech, Highest ROE in New-Age Tech",47,Base: model score 55/100 from Quality+Growth+Technical+Momentum | D/E 82.405 — elevated leverage risk (-8),no_recent_news,No recent news found (No high-quality news within 14 days) — quant justification only,No,,,,15,4961.25
PAYTM,1321.5,55,BUY,0,27,16,8,0,76.1,62.5,85211.0,132.08,42.82,,27.7,79.9,1.073,,59.2,1466.87,1237.7800858057944,1387.58,1585.8,11.0,6.3,11.0,5.0,20.0,6.3,1.7,default,New-Age Tech,"pe_anchored, peg_1.0_fair_value",pe_anchored: +20.0% | peg_1.0_fair_value: +2.0%,fetch_failed,,,,,"Target/Target_Low/Target_High are MODEL estimates from 3 internal valuation methods (see Valuation_Methods_Used), NOT real analyst consensus. Check Real_Analyst_Target_* columns for actual street data if ANALYST_API_CONFIG is set, or verify independently otherwise.",EPS growth 79.9% — explosive | Revenue growth 27.7% | Earnings accelerating (fwd PE 42.82 vs 132.08) | Above 50 & 200 DMA — uptrend | RSI 59 — ideal 1Y entry zone | 6M return 12% — healthy,1-2 years,3,3964.5,251.16,2.9,0.375,4,Top-3 RS in New-Age Tech,55,Base: model score 55/100 from Quality+Growth+Technical+Momentum,no_recent_news,No recent news found (No high-quality news within 14 days) — quant justification only,No,,,,3,3964.5
KARURVYSYA,340.85,55,BUY,12,18,8,8,5,93.5,87.5,32876.0,11.98,10.35,,26.0,45.0,,77.0,75.2,409.02,320.3027332246465,409.02,409.02,20.0,6.0,20.0,20.0,20.0,6.0,3.3,default,Banking,"pe_anchored, peg_1.0_fair_value",pe_anchored: +20.0% | peg_1.0_fair_value: +20.0%,fetch_failed,,,,,"Target/Target_Low/Target_High are MODEL estimates from 3 internal valuation methods (see Valuation_Methods_Used), NOT real analyst consensus. Check Real_Analyst_Target_* columns for actual street data if ANALYST_API_CONFIG is set, or verify independently otherwise.",PEG ~0.27 — undervalued vs growth | Dividend 77.0% — paid to hold | EPS growth 45.0% — strong | Revenue growth 26.0% | Above 50 & 200 DMA — uptrend | 6M return 17% — healthy,1-2 years,14,4771.9,287.66,3.5,0.375,4,Top-3 RS in Banking,63,Base: model score 55/100 from Quality+Growth+Technical+Momentum | PEG 0.27 — growth clearly outpaces price (+8),ok,"[21 Jul 2026, inkl] Ahead of Market: 10 things that will decide stock market action on Wednesday",No,,,,14,4771.9
BHARTIHEXA,1645.8,55,BUY,10,5,14,8,10,38.2,100.0,82725.0,47.74,26.05,26.47,5.4,-4.7,85.654,1.12,63.1,1843.3,1561.3065656583383,1764.3,1922.29,12.0,5.1,12.0,7.2,16.8,5.1,2.4,default,Telecom,fallback,"Fallback (no usable PE/EPS/ROE data) — capped score-based estimate, wide uncertainty band",fetch_failed,,,,,"Target/Target_Low/Target_High are MODEL estimates from 3 internal valuation methods (see Valuation_Methods_Used), NOT real analyst consensus. Check Real_Analyst_Target_* columns for actual street data if ANALYST_API_CONFIG is set, or verify independently otherwise.",ROE 26.47% — excellent | Earnings accelerating (fwd PE 26.05 vs 47.74) | Above 50 & 200 DMA — uptrend | RSI 63 — slightly elevated | Mid 52W range (41%) | 6M return 7% — healthy,1-2 years,3,4937.4,253.48,3.6,0.375,8,"Top-3 RS in Telecom, Highest ROE in Telecom",47,Base: model score 55/100 from Quality+Growth+Technical+Momentum | D/E 85.654 — elevated leverage risk (-8),no_recent_news,No recent news found (No high-quality news within 14 days) — quant justification only,No,,,,3,4937.4
INDIANB,827.75,55,BUY,18,15,5,12,5,83.1,87.5,111488.0,8.79,7.58,16.17,10.3,47.5,,2.19,34.3,966.81,783.6657786727242,914.66,993.3,16.8,5.3,16.8,10.5,20.0,5.3,3.2,psu_bank,Banking,"pe_anchored, peg_1.0_fair_value, roe_pb_implied",pe_anchored: +20.0% | peg_1.0_fair_value: +20.0% | roe_pb_implied: +10.5%,fetch_failed,,,,,"Target/Target_Low/Target_High are MODEL estimates from 3 internal valuation methods (see Valuation_Methods_Used), NOT real analyst consensus. Check Real_Analyst_Target_* columns for actual street data if ANALYST_API_CONFIG is set, or verify independently otherwise.","ROE 16.17% — good | PEG ~0.19 — undervalued vs growth | Dividend 2.19% — paid to hold | EPS growth 47.5% — strong | Revenue growth 10.3% | RSI 34 — oversold, contrarian entry",1-2 years,6,4966.5,264.51,3.7,0.375,0,,63,Base: model score 55/100 from Quality+Growth+Technical+Momentum | PEG 0.19 — growth clearly outpaces price (+8),ok,"[26 Jul 2026, TradingView] Price to book forward of Indian Bank – NSE:INDIANB",No,,,,6,4966.5
CANBK,124.35,55,BUY,12,15,11,12,5,69.4,87.5,113129.0,5.69,5.35,,-12.9,62.2,,3.38,49.0,149.22,117.92671997564544,149.22,149.22,20.0,5.2,20.0,20.0,20.0,5.2,3.8,psu_bank,Banking,"pe_anchored, peg_1.0_fair_value",pe_anchored: +20.0% | peg_1.0_fair_value: +20.0%,fetch_failed,,,,,"Target/Target_Low/Target_High are MODEL estimates from 3 internal valuation methods (see Valuation_Methods_Used), NOT real analyst consensus. Check Real_Analyst_Target_* columns for actual street data if ANALYST_API_CONFIG is set, or verify independently otherwise.",PEG ~0.09 — undervalued vs growth | Dividend 3.38% — paid to hold | EPS growth 62.2% — explosive | RSI 49 — ideal 1Y entry zone | Mid 52W range (42%) | 6M return -19% — healthy,1-2 years,40,4974.0,256.93,3.7,0.375,0,,63,Base: model score 55/100 from Quality+Growth+Technical+Momentum | PEG 0.09 — growth clearly outpaces price (+8),no_recent_news,No recent news found (No high-quality news within 14 days) — quant justification only,No,,,,40,4974.0
ICICIPRULI,510.6,55,BUY,5,20,18,12,0,22.6,20.8,74177.0,43.99,36.05,12.58,-83.1,61.4,19.037,32.0,58.9,566.77,484.7649987178144,536.13,612.72,11.0,5.1,11.0,5.0,20.0,5.1,2.2,default,Insurance,"pe_anchored, peg_1.0_fair_value",pe_anchored: +20.0% | peg_1.0_fair_value: +2.0%,fetch_failed,,,,,"Target/Target_Low/Target_High are MODEL estimates from 3 internal valuation methods (see Valuation_Methods_Used), NOT real analyst consensus. Check Real_Analyst_Target_* columns for actual street data if ANALYST_API_CONFIG is set, or verify independently otherwise.",Dividend 32.0% — paid to hold | EPS growth 61.4% — explosive | Earnings accelerating (fwd PE 36.05 vs 43.99) | Above 50 DMA | RSI 59 — ideal 1Y entry zone | Near 52W low (21%) — good entry,1-2 years,9,4595.4,232.52,3.4,0.375,0,,55,Base: model score 55/100 from Quality+Growth+Technical+Momentum | PEG 0.72 — growth clearly outpaces price (+8) | D/E 19.037 — elevated leverage risk (-8),no_recent_news,No recent news found (No high-quality news within 14 days) — quant justification only,No,,,,9,4595.4
ENDURANCE,2820.0,55,BUY,11,15,16,8,5,63.3,83.3,39151.0,41.12,27.77,15.16,37.9,12.7,19.393,42.0,60.5,3130.2,2657.6846696152843,2961.0,3384.0,11.0,5.8,11.0,5.0,20.0,5.8,1.9,default,Auto & Ancillaries,"pe_anchored, peg_1.0_fair_value",pe_anchored: +20.0% | peg_1.0_fair_value: +2.0%,fetch_failed,,,,,"Target/Target_Low/Target_High are MODEL estimates from 3 internal valuation methods (see Valuation_Methods_Used), NOT real analyst consensus. Check Real_Analyst_Target_* columns for actual street data if ANALYST_API_CONFIG is set, or verify independently otherwise.",ROE 15.16% — good | Dividend 42.0% — paid to hold | Revenue growth 37.9% — exceptional | Earnings accelerating (fwd PE 27.77 vs 41.12) | Above 50 & 200 DMA — uptrend | RSI 61 — ideal 1Y entry zone,1-2 years,1,2820.0,162.32,2.1,0.375,0,,47,Base: model score 55/100 from Quality+Growth+Technical+Momentum | D/E 19.393 — elevated leverage risk (-8),no_recent_news,No recent news found (No high-quality news within 14 days) — quant justification only,No,,,,1,2820.0
GESHIP,1367.0,55,BUY,18,22,3,12,0,90.2,54.2,19569.0,6.67,6.95,18.85,23.6,187.5,6.409,3.4,41.8,1640.4,1268.5161346856519,1640.4,1640.4,20.0,7.2,20.0,20.0,20.0,7.2,2.8,default,Diversified/Other,"pe_anchored, peg_1.0_fair_value",pe_anchored: +20.0% | peg_1.0_fair_value: +20.0%,fetch_failed,,,,,"Target/Target_Low/Target_High are MODEL estimates from 3 internal valuation methods (see Valuation_Methods_Used), NOT real analyst consensus. Check Real_Analyst_Target_* columns for actual street data if ANALYST_API_CONFIG is set, or verify independently otherwise.",ROE 18.85% — good | PEG ~0.04 — undervalued vs growth | Dividend 3.4% — paid to hold | EPS growth 187.5% — explosive | Revenue growth 23.6% | Mid 52W range (53%),1-2 years,3,4101.0,295.45,3.0,0.375,0,,55,Base: model score 55/100 from Quality+Growth+Technical+Momentum | PEG 0.04 — growth clearly outpaces price (+8) | D/E 6.409 — elevated leverage risk (-8),no_recent_news,No recent news found (No high-quality news within 14 days) — quant justification only,No,,,,3,4101.0
CDSL,1338.0,55,BUY,23,5,15,12,0,25.4,79.2,28215.0,61.96,44.41,23.91,4.2,-19.9,0.11,95.0,50.6,1578.84,1273.3139657024612,1482.5,1675.18,18.0,4.8,18.0,10.8,25.2,4.8,3.8,default,Capital Markets Infra,fallback,"Fallback (no usable PE/EPS/ROE data) — capped score-based estimate, wide uncertainty band",fetch_failed,,,,,"Target/Target_Low/Target_High are MODEL estimates from 3 internal valuation methods (see Valuation_Methods_Used), NOT real analyst consensus. Check Real_Analyst_Target_* columns for actual street data if ANALYST_API_CONFIG is set, or verify independently otherwise.",ROE 23.91% — excellent | D/E 0.11 — fortress balance sheet | Dividend 95.0% — paid to hold | Earnings accelerating (fwd PE 44.41 vs 61.96) | Above 50 DMA | RSI 51 — ideal 1Y entry zone,1-2 years,3,4014.0,194.06,3.0,0.375,0,,55,Base: model score 55/100 from Quality+Growth+Technical+Momentum,no_recent_news,No recent news found (No high-quality news within 14 days) — quant justification only,No,,,,3,4014.0
ERIS,1372.5,55,BUY,13,20,11,11,0,17.1,54.2,19768.0,31.56,23.33,18.07,7.1,200.0,60.545,1.04,36.9,1523.48,1290.0117546363447,1441.12,1647.0,11.0,6.0,11.0,5.0,20.0,6.0,1.8,default,Diversified/Other,"pe_anchored, peg_1.0_fair_value",pe_anchored: +20.0% | peg_1.0_fair_value: +2.0%,fetch_failed,,,,,"Target/Target_Low/Target_High are MODEL estimates from 3 internal valuation methods (see Valuation_Methods_Used), NOT real analyst consensus. Check Real_Analyst_Target_* columns for actual street data if ANALYST_API_CONFIG is set, or verify independently otherwise.","ROE 18.07% — good | PEG ~0.16 — undervalued vs growth | EPS growth 200.0% — explosive | Earnings accelerating (fwd PE 23.33 vs 31.56) | RSI 37 — oversold, contrarian entry | Near 52W low (26%) — good entry",1-2 years,3,4117.5,247.46,3.0,0.375,0,,55,Base: model score 55/100 from Quality+Growth+Technical+Momentum | PEG 0.16 — growth clearly outpaces price (+8) | D/E 60.545 — elevated leverage risk (-8),no_recent_news,No recent news found (No high-quality news within 14 days) — quant justification only,No,,,,3,4117.5
CHALET,802.65,55,BUY,18,11,14,12,0,29.5,54.2,18323.0,28.4,26.61,19.13,6.0,31.3,64.041,24.0,45.6,890.94,754.0172658320238,842.78,963.18,11.0,6.1,11.0,5.0,20.0,6.1,1.8,default,Diversified/Other,"pe_anchored, peg_1.0_fair_value",pe_anchored: +20.0% | peg_1.0_fair_value: +2.0%,fetch_failed,,,,,"Target/Target_Low/Target_High are MODEL estimates from 3 internal valuation methods (see Valuation_Methods_Used), NOT real analyst consensus. Check Real_Analyst_Target_* columns for actual street data if ANALYST_API_CONFIG is set, or verify independently otherwise.",ROE 19.13% — good | PEG ~0.91 — undervalued vs growth | Dividend 24.0% — paid to hold | EPS growth 31.3% — strong | RSI 46 — ideal 1Y entry zone | Near 52W low (29%) — good entry,1-2 years,6,4815.9,291.8,3.5,0.375,0,,55,Base: model score 55/100 from Quality+Growth+Technical+Momentum | PEG 0.91 — growth clearly outpaces price (+8) | D/E 64.041 — elevated leverage risk (-8),no_recent_news,No recent news found (No high-quality news within 14 days) — quant justification only,No,,,,6,4815.9
HDBFS,676.15,54,BUY,12,23,8,11,0,35.4,54.2,56310.0,20.41,14.44,,21.0,32.6,484.313,59.0,9.4,763.37,641.7616092820426,715.37,811.38,12.9,5.1,12.9,5.8,20.0,5.1,2.5,default,Diversified/Other,"pe_anchored, peg_1.0_fair_value",pe_anchored: +20.0% | peg_1.0_fair_value: +5.8%,fetch_failed,,,,,"Target/Target_Low/Target_High are MODEL estimates from 3 internal valuation methods (see Valuation_Methods_Used), NOT real analyst consensus. Check Real_Analyst_Target_* columns for actual street data if ANALYST_API_CONFIG is set, or verify independently otherwise.","PEG ~0.63 — undervalued vs growth | Dividend 59.0% — paid to hold | EPS growth 32.6% — strong | Revenue growth 21.0% | Earnings accelerating (fwd PE 14.44 vs 20.41) | RSI 9 — oversold, contrarian entry",1-2 years,7,4733.05,240.72,3.5,0.375,0,,54,Base: model score 54/100 from Quality+Growth+Technical+Momentum | PEG 0.63 — growth clearly outpaces price (+8) | D/E 484.313 — elevated leverage risk (-8),no_recent_news,No recent news found (No high-quality news within 14 days) — quant justification only,No,,,,7,4733.05
RAINBOW,1496.0,54,BUY,11,23,16,4,0,37.5,70.8,15173.0,54.47,39.45,17.94,24.3,39.1,53.558,24.0,55.4,1660.56,1421.4329112512564,1570.8,1795.2,11.0,5.0,11.0,5.0,20.0,5.0,2.2,default,Hospitals,"pe_anchored, peg_1.0_fair_value",pe_anchored: +20.0% | peg_1.0_fair_value: +2.0%,fetch_failed,,,,,"Target/Target_Low/Target_High are MODEL estimates from 3 internal valuation methods (see Valuation_Methods_Used), NOT real analyst consensus. Check Real_Analyst_Target_* columns for actual street data if ANALYST_API_CONFIG is set, or verify independently otherwise.",ROE 17.94% — good | Dividend 24.0% — paid to hold | EPS growth 39.1% — strong | Revenue growth 24.3% | Earnings accelerating (fwd PE 39.45 vs 54.47) | Above 50 & 200 DMA — uptrend,1-2 years,3,4488.0,223.7,3.3,0.375,0,,46,Base: model score 54/100 from Quality+Growth+Technical+Momentum | D/E 53.558 — elevated leverage risk (-8),no_recent_news,No recent news found (No high-quality news within 14 days) — quant justification only,No,,,,3,4488.0
PARADEEP,152.75,54,BUY,12,17,17,8,0,16.1,54.2,16252.0,15.17,13.42,,63.7,20.8,101.822,72.0,63.8,183.3,142.0899946564812,183.3,183.3,20.0,7.0,20.0,20.0,20.0,7.0,2.9,default,Diversified/Other,"pe_anchored, peg_1.0_fair_value",pe_anchored: +20.0% | peg_1.0_fair_value: +20.0%,fetch_failed,,,,,"Target/Target_Low/Target_High are MODEL estimates from 3 internal valuation methods (see Valuation_Methods_Used), NOT real analyst consensus. Check Real_Analyst_Target_* columns for actual street data if ANALYST_API_CONFIG is set, or verify independently otherwise.",PEG ~0.73 — undervalued vs growth | Dividend 72.0% — paid to hold | EPS growth 20.8% | Revenue growth 63.7% — exceptional | Above 50 & 200 DMA — uptrend | RSI 64 — slightly elevated,1-2 years,33,5040.75,351.78,3.7,0.375,0,,54,Base: model score 54/100 from Quality+Growth+Technical+Momentum | PEG 0.73 — growth clearly outpaces price (+8) | D/E 101.822 — elevated leverage risk (-8),ok,"[29 Jul 2026, HDFC Sky] Suzlon, Voda Idea, Paradeep Phos Lead NSE Volume Action || [28 Jul 2026, Moneycontrol.com] Stocks to Watch Today: Graphite India, Rail Vikas Nigam, Larsen and Toubro, Birlasoft, Tata Capital,...",No,,,,33,5040.75
SYRMA,1393.6,54,BUY,5,26,19,4,0,97.8,54.2,25877.0,79.12,46.3,14.14,58.4,43.7,13.045,11.0,44.6,1546.9,1281.2326928620682,1463.28,1672.32,11.0,8.1,11.0,5.0,20.0,8.1,1.4,default,Diversified/Other,"pe_anchored, peg_1.0_fair_value",pe_anchored: +20.0% | peg_1.0_fair_value: +2.0%,fetch_failed,,,,,"Target/Target_Low/Target_High are MODEL estimates from 3 internal valuation methods (see Valuation_Methods_Used), NOT real analyst consensus. Check Real_Analyst_Target_* columns for actual street data if ANALYST_API_CONFIG is set, or verify independently otherwise.",Dividend 11.0% — paid to hold | EPS growth 43.7% — strong | Revenue growth 58.4% — exceptional | Earnings accelerating (fwd PE 46.3 vs 79.12) | Above 50 & 200 DMA — uptrend | RSI 45 — ideal 1Y entry zone,1-2 years,3,4180.8,337.1,3.1,0.375,0,,46,Base: model score 54/100 from Quality+Growth+Technical+Momentum | D/E 13.045 — elevated leverage risk (-8),no_recent_news,No recent news found (No high-quality news within 14 days) — quant justification only,No,,,,3,4180.8
HONASA,447.4,54,BUY,6,27,13,4,0,95.2,37.5,14650.0,74.03,46.97,15.45,23.2,175.5,9.586,,27.5,496.61,418.8072683265502,469.77,536.88,11.0,6.4,11.0,5.0,20.0,6.4,1.7,default,Consumer/Retail,"pe_anchored, peg_1.0_fair_value",pe_anchored: +20.0% | peg_1.0_fair_value: +2.0%,fetch_failed,,,,,"Target/Target_Low/Target_High are MODEL estimates from 3 internal valuation methods (see Valuation_Methods_Used), NOT real analyst consensus. Check Real_Analyst_Target_* columns for actual street data if ANALYST_API_CONFIG is set, or verify independently otherwise.","ROE 15.45% — good | EPS growth 175.5% — explosive | Revenue growth 23.2% | Earnings accelerating (fwd PE 46.97 vs 74.03) | Above 50 & 200 DMA — uptrend | RSI 28 — oversold, contrarian entry",1-2 years,11,4921.4,314.52,3.6,0.375,4,Top-3 RS in Consumer/Retail,54,Base: model score 54/100 from Quality+Growth+Technical+Momentum | PEG 0.42 — growth clearly outpaces price (+8) | D/E 9.586 — elevated leverage risk (-8),no_recent_news,No recent news found (No high-quality news within 14 days) — quant justification only,No,,,,11,4921.4
VIJAYA,1373.4,54,BUY,11,23,16,4,0,75.7,54.2,14131.0,81.42,52.09,19.7,26.6,38.0,44.15,15.0,49.0,1524.47,1275.681108546317,1442.07,1648.08,11.0,7.1,11.0,5.0,20.0,7.1,1.5,default,Diversified/Other,"pe_anchored, peg_1.0_fair_value",pe_anchored: +20.0% | peg_1.0_fair_value: +2.0%,fetch_failed,,,,,"Target/Target_Low/Target_High are MODEL estimates from 3 internal valuation methods (see Valuation_Methods_Used), NOT real analyst consensus. Check Real_Analyst_Target_* columns for actual street data if ANALYST_API_CONFIG is set, or verify independently otherwise.",ROE 19.7% — good | Dividend 15.0% — paid to hold | EPS growth 38.0% — strong | Revenue growth 26.6% | Earnings accelerating (fwd PE 52.09 vs 81.42) | Above 50 & 200 DMA — uptrend,1-2 years,3,4120.2,293.16,3.0,0.375,0,,46,Base: model score 54/100 from Quality+Growth+Technical+Momentum | D/E 44.15 — elevated leverage risk (-8),no_recent_news,No recent news found (No high-quality news within 14 days) — quant justification only,No,,,,3,4120.2
LAURUSLABS,1779.5,54,BUY,5,27,8,0,10,98.7,91.7,96246.0,86.98,62.12,,29.1,125.2,46.369,14.0,83.2,1975.24,1693.6317930302955,1868.48,2135.4,11.0,4.8,11.0,5.0,20.0,4.8,2.3,default,Pharma,"pe_anchored, peg_1.0_fair_value",pe_anchored: +20.0% | peg_1.0_fair_value: +2.0%,fetch_failed,,,,,"Target/Target_Low/Target_High are MODEL estimates from 3 internal valuation methods (see Valuation_Methods_Used), NOT real analyst consensus. Check Real_Analyst_Target_* columns for actual street data if ANALYST_API_CONFIG is set, or verify independently otherwise.","Dividend 14.0% — paid to hold | EPS growth 125.2% — explosive | Revenue growth 29.1% | Earnings accelerating (fwd PE 62.12 vs 86.98) | Above 50 & 200 DMA — uptrend | Sector RS bonus (+10, sector percentile 91.7)",1-2 years,2,3559.0,171.74,2.6,0.375,4,Top-3 RS in Pharma,54,Base: model score 54/100 from Quality+Growth+Technical+Momentum | PEG 0.69 — growth clearly outpaces price (+8) | D/E 46.369 — elevated leverage risk (-8),no_recent_news,No recent news found (No high-quality news within 14 days) — quant justification only,No,,,,2,3559.0
SAGILITY,45.06,53,BUY,12,23,10,8,0,60.3,54.2,21005.0,20.4,15.35,,27.6,43.8,11.497,46.0,62.6,50.87,42.164992675316256,47.72,54.07,12.9,6.4,12.9,5.9,20.0,6.4,2.0,default,Diversified/Other,"pe_anchored, peg_1.0_fair_value",pe_anchored: +20.0% | peg_1.0_fair_value: +5.9%,fetch_failed,,,,,"Target/Target_Low/Target_High are MODEL estimates from 3 internal valuation methods (see Valuation_Methods_Used), NOT real analyst consensus. Check Real_Analyst_Target_* columns for actual street data if ANALYST_API_CONFIG is set, or verify independently otherwise.",PEG ~0.47 — undervalued vs growth | Dividend 46.0% — paid to hold | EPS growth 43.8% — strong | Revenue growth 27.6% | Earnings accelerating (fwd PE 15.35 vs 20.4) | Above 50 DMA,1-2 years,112,5046.72,324.24,3.7,0.375,0,,53,Base: model score 53/100 from Quality+Growth+Technical+Momentum | PEG 0.47 — growth clearly outpaces price (+8) | D/E 11.497 — elevated leverage risk (-8),ok,"[24 Jul 2026, Business Standard] NSE adds Ather Energy, Bank of Maharashtra and Sagility to F&O segment || [22 Jul 2026, Moneycontrol.com] Sagility India slips despite 46% profit jump; Nomura trims target, retains Buy",No,,,,112,5046.72
COFORGE,1747.3,53,BUY,12,26,8,8,-5,51.2,12.5,75917.0,35.19,24.04,,49.9,30.9,7.518,95.0,77.3,1939.5,1633.8005980696469,1834.67,2096.76,11.0,6.5,11.0,5.0,20.0,6.5,1.7,it_services,IT Services,"pe_anchored, peg_1.0_fair_value",pe_anchored: +20.0% | peg_1.0_fair_value: +2.0%,fetch_failed,,,,,"Target/Target_Low/Target_High are MODEL estimates from 3 internal valuation methods (see Valuation_Methods_Used), NOT real analyst consensus. Check Real_Analyst_Target_* columns for actual street data if ANALYST_API_CONFIG is set, or verify independently otherwise.",PEG ~1.14 — undervalued vs growth | Dividend 95.0% — paid to hold | EPS growth 30.9% — strong | Revenue growth 49.9% — exceptional | Earnings accelerating (fwd PE 24.04 vs 35.19) | Above 50 & 200 DMA — uptrend,1-2 years,2,3494.6,227.0,2.6,0.375,4,Top-3 RS in IT Services,45,Base: model score 53/100 from Quality+Growth+Technical+Momentum | D/E 7.518 — elevated leverage risk (-8),ok,"[28 Jul 2026, Moneycontrol.com] Coforge shares jump 10%: China expansion among 5 key factors behind rally in shares",No,,,,2,3494.6
TITAN,4848.9,53,BUY,15,26,8,0,0,87.4,37.5,430235.0,84.75,56.86,37.13,80.5,35.1,195.001,31.0,83.7,5382.28,4689.789792100286,5091.34,5818.68,11.0,3.3,11.0,5.0,20.0,3.3,3.3,consumer_retail,Consumer/Retail,"pe_anchored, peg_1.0_fair_value",pe_anchored: +20.0% | peg_1.0_fair_value: +2.0%,fetch_failed,,,,,"Target/Target_Low/Target_High are MODEL estimates from 3 internal valuation methods (see Valuation_Methods_Used), NOT real analyst consensus. Check Real_Analyst_Target_* columns for actual street data if ANALYST_API_CONFIG is set, or verify independently otherwise.",ROE 37.13% — excellent | Dividend 31.0% — paid to hold | EPS growth 35.1% — strong | Revenue growth 80.5% — exceptional | Earnings accelerating (fwd PE 56.86 vs 84.75) | Above 50 & 200 DMA — uptrend,1-2 years,0,0.0,0.0,0.0,0.375,4,Largest market cap in Consumer/Retail,45,Base: model score 53/100 from Quality+Growth+Technical+Momentum | D/E 195.001 — elevated leverage risk (-8),no_recent_news,No recent news found (No high-quality news within 14 days) — quant justification only,No,,,,0,0.0
ALKEM,5808.5,53,BUY,11,4,16,12,10,70.7,91.7,67823.0,29.43,25.08,17.56,14.6,-22.7,14.267,35.0,59.0,6854.03,5565.9935763389085,6435.82,7272.24,18.0,4.2,18.0,10.8,25.2,4.2,4.3,pharma,Pharma,fallback,"Fallback (no usable PE/EPS/ROE data) — capped score-based estimate, wide uncertainty band",fetch_failed,,,,,"Target/Target_Low/Target_High are MODEL estimates from 3 internal valuation methods (see Valuation_Methods_Used), NOT real analyst consensus. Check Real_Analyst_Target_* columns for actual street data if ANALYST_API_CONFIG is set, or verify independently otherwise.",ROE 17.56% — good | Dividend 35.0% — paid to hold | Revenue growth 14.6% | Above 50 & 200 DMA — uptrend | RSI 59 — ideal 1Y entry zone | 6M return 2% — healthy,1-2 years,0,0.0,0.0,0.0,0.375,0,,45,Base: model score 53/100 from Quality+Growth+Technical+Momentum | D/E 14.267 — elevated leverage risk (-8),no_recent_news,No recent news found (No high-quality news within 14 days) — quant justification only,No,,,,0,0.0
NH,2078.2,53,BUY,11,15,11,12,0,55.7,70.8,42054.0,52.03,29.51,19.84,75.8,13.5,129.033,22.0,63.9,2306.8,1983.5043505465717,2182.11,2493.84,11.0,4.6,11.0,5.0,20.0,4.6,2.4,default,Hospitals,"pe_anchored, peg_1.0_fair_value",pe_anchored: +20.0% | peg_1.0_fair_value: +2.0%,fetch_failed,,,,,"Target/Target_Low/Target_High are MODEL estimates from 3 internal valuation methods (see Valuation_Methods_Used), NOT real analyst consensus. Check Real_Analyst_Target_* columns for actual street data if ANALYST_API_CONFIG is set, or verify independently otherwise.",ROE 19.84% — good | Dividend 22.0% — paid to hold | Revenue growth 75.8% — exceptional | Earnings accelerating (fwd PE 29.51 vs 52.03) | Above 50 & 200 DMA — uptrend | RSI 64 — slightly elevated,1-2 years,2,4156.4,189.39,3.1,0.375,4,Top-3 RS in Hospitals,45,Base: model score 53/100 from Quality+Growth+Technical+Momentum | D/E 129.033 — elevated leverage risk (-8),no_recent_news,No recent news found (No high-quality news within 14 days) — quant justification only,No,,,,2,4156.4
IGIL,346.05,53,BUY,7,23,11,12,0,30.2,54.2,14996.0,27.78,19.7,,23.2,32.0,9.594,1.52,49.4,384.12,322.21500636039644,363.35,415.26,11.0,6.9,11.0,5.0,20.0,6.9,1.6,default,Diversified/Other,"pe_anchored, peg_1.0_fair_value",pe_anchored: +20.0% | peg_1.0_fair_value: +2.0%,fetch_failed,,,,,"Target/Target_Low/Target_High are MODEL estimates from 3 internal valuation methods (see Valuation_Methods_Used), NOT real analyst consensus. Check Real_Analyst_Target_* columns for actual street data if ANALYST_API_CONFIG is set, or verify independently otherwise.",PEG ~0.87 — undervalued vs growth | EPS growth 32.0% — strong | Revenue growth 23.2% | Earnings accelerating (fwd PE 19.7 vs 27.78) | RSI 49 — ideal 1Y entry zone | Mid 52W range (41%),1-2 years,14,4844.7,333.69,3.6,0.375,0,,53,Base: model score 53/100 from Quality+Growth+Technical+Momentum | PEG 0.87 — growth clearly outpaces price (+8) | D/E 9.594 — elevated leverage risk (-8),ok,"[23 Jul 2026, Sahi] International Gemological Institute Q1 Net Profit at 1.66B Rupees Versus 1.27B YoY",No,,,,14,4844.7
JUBLFOOD,434.9,53,BUY,11,12,18,12,0,6.5,37.5,28944.0,77.76,47.4,16.89,20.3,,2.655,28.0,53.9,513.18,411.74991316410495,481.87,544.49,18.0,5.3,18.0,10.8,25.2,5.3,3.4,default,Consumer/Retail,fallback,"Fallback (no usable PE/EPS/ROE data) — capped score-based estimate, wide uncertainty band",fetch_failed,,,,,"Target/Target_Low/Target_High are MODEL estimates from 3 internal valuation methods (see Valuation_Methods_Used), NOT real analyst consensus. Check Real_Analyst_Target_* columns for actual street data if ANALYST_API_CONFIG is set, or verify independently otherwise.",ROE 16.89% — good | Dividend 28.0% — paid to hold | Revenue growth 20.3% | Earnings accelerating (fwd PE 47.4 vs 77.76) | Above 50 DMA | RSI 54 — ideal 1Y entry zone,1-2 years,11,4783.9,254.65,3.5,0.375,0,,45,Base: model score 53/100 from Quality+Growth+Technical+Momentum | D/E 2.655 — elevated leverage risk (-8),no_recent_news,No recent news found (No high-quality news within 14 days) — quant justification only,No,,,,11,4783.9
FSL,291.43,53,BUY,18,16,11,8,0,33.8,54.2,20273.0,27.54,18.65,15.9,19.5,27.7,67.135,2.09,73.1,323.49,270.44341121432,306.0,349.72,11.0,7.2,11.0,5.0,20.0,7.2,1.5,default,Diversified/Other,"pe_anchored, peg_1.0_fair_value",pe_anchored: +20.0% | peg_1.0_fair_value: +2.0%,fetch_failed,,,,,"Target/Target_Low/Target_High are MODEL estimates from 3 internal valuation methods (see Valuation_Methods_Used), NOT real analyst consensus. Check Real_Analyst_Target_* columns for actual street data if ANALYST_API_CONFIG is set, or verify independently otherwise.",ROE 15.9% — good | PEG ~0.99 — undervalued vs growth | Dividend 2.09% — paid to hold | EPS growth 27.7% | Revenue growth 19.5% | Earnings accelerating (fwd PE 18.65 vs 27.54),1-2 years,17,4954.31,356.77,3.6,0.375,0,,53,Base: model score 53/100 from Quality+Growth+Technical+Momentum | PEG 0.99 — growth clearly outpaces price (+8) | D/E 67.135 — elevated leverage risk (-8),no_recent_news,No recent news found (No high-quality news within 14 days) — quant justification only,No,,,,17,4954.31
KALYANKJIL,636.6,53,BUY,15,30,8,0,0,59.7,37.5,64918.0,48.06,33.2,24.31,66.9,117.0,96.966,25.0,84.1,706.63,591.0265767433064,668.43,763.92,11.0,7.2,11.0,5.0,20.0,7.2,1.5,default,Consumer/Retail,"pe_anchored, peg_1.0_fair_value",pe_anchored: +20.0% | peg_1.0_fair_value: +2.0%,fetch_failed,,,,,"Target/Target_Low/Target_High are MODEL estimates from 3 internal valuation methods (see Valuation_Methods_Used), NOT real analyst consensus. Check Real_Analyst_Target_* columns for actual street data if ANALYST_API_CONFIG is set, or verify independently otherwise.",ROE 24.31% — excellent | Dividend 25.0% — paid to hold | EPS growth 117.0% — explosive | Revenue growth 66.9% — exceptional | Earnings accelerating (fwd PE 33.2 vs 48.06) | Above 50 & 200 DMA — uptrend,1-2 years,7,4456.2,319.01,3.3,0.375,0,,53,Base: model score 53/100 from Quality+Growth+Technical+Momentum | PEG 0.41 — growth clearly outpaces price (+8) | D/E 96.966 — elevated leverage risk (-8),no_recent_news,No recent news found (No high-quality news within 14 days) — quant justification only,No,,,,7,4456.2
BANKINDIA,137.34,53,BUY,12,19,8,14,0,79.4,54.2,62667.0,5.05,5.32,13.7,18.5,80.3,,3.41,36.0,164.81,129.4850104968507,164.81,164.81,20.0,5.7,20.0,20.0,20.0,5.7,3.5,default,Diversified/Other,"pe_anchored, peg_1.0_fair_value",pe_anchored: +20.0% | peg_1.0_fair_value: +20.0%,fetch_failed,,,,,"Target/Target_Low/Target_High are MODEL estimates from 3 internal valuation methods (see Valuation_Methods_Used), NOT real analyst consensus. Check Real_Analyst_Target_* columns for actual street data if ANALYST_API_CONFIG is set, or verify independently otherwise.","PEG ~0.06 — undervalued vs growth | Dividend 3.41% — paid to hold | EPS growth 80.3% — explosive | Revenue growth 18.5% | RSI 36 — oversold, contrarian entry | Mid 52W range (47%)",1-2 years,37,5081.58,290.63,3.7,0.375,0,,61,Base: model score 53/100 from Quality+Growth+Technical+Momentum | PEG 0.06 — growth clearly outpaces price (+8),no_recent_news,No recent news found (No high-quality news within 14 days) — quant justification only,No,,,,37,5081.58
ASTERDM,832.5,53,BUY,5,24,16,4,0,88.3,70.8,71237.0,109.41,43.96,10.07,18.2,71.5,45.921,49.0,60.1,924.08,788.5131810529105,874.12,999.0,11.0,5.3,11.0,5.0,20.0,5.3,2.1,default,Hospitals,"pe_anchored, peg_1.0_fair_value",pe_anchored: +20.0% | peg_1.0_fair_value: +2.0%,fetch_failed,,,,,"Target/Target_Low/Target_High are MODEL estimates from 3 internal valuation methods (see Valuation_Methods_Used), NOT real analyst consensus. Check Real_Analyst_Target_* columns for actual street data if ANALYST_API_CONFIG is set, or verify independently otherwise.",Dividend 49.0% — paid to hold | EPS growth 71.5% — explosive | Revenue growth 18.2% | Earnings accelerating (fwd PE 43.96 vs 109.41) | Above 50 & 200 DMA — uptrend | RSI 60 — ideal 1Y entry zone,1-2 years,6,4995.0,263.92,3.7,0.375,4,Top-3 RS in Hospitals,45,Base: model score 53/100 from Quality+Growth+Technical+Momentum | D/E 45.921 — elevated leverage risk (-8),ok,"[25 Jul 2026, scanx.trade] Aster DM Healthcare to rename as Aster DM Quality Care Limited",No,,,,6,4995.0
DATAPATTNS,4387.0,52,BUY,16,12,16,4,0,94.1,50.0,24838.0,91.21,55.67,16.73,-13.0,21.2,0.304,23.0,53.5,4869.57,3979.876338749978,4606.35,5264.4,11.0,9.3,11.0,5.0,20.0,9.3,1.2,default,Defense,"pe_anchored, peg_1.0_fair_value",pe_anchored: +20.0% | peg_1.0_fair_value: +2.0%,fetch_failed,,,,,"Target/Target_Low/Target_High are MODEL estimates from 3 internal valuation methods (see Valuation_Methods_Used), NOT real analyst consensus. Check Real_Analyst_Target_* columns for actual street data if ANALYST_API_CONFIG is set, or verify independently otherwise.",ROE 16.73% — good | D/E 0.304 — manageable | Dividend 23.0% — paid to hold | EPS growth 21.2% | Earnings accelerating (fwd PE 55.67 vs 91.21) | Above 50 & 200 DMA — uptrend,1-2 years,1,4387.0,407.12,3.2,0.375,4,Top-3 RS in Defense,42,Base: model score 52/100 from Quality+Growth+Technical+Momentum | PEG 4.30 — expensive vs growth rate (-10),no_recent_news,No recent news found (No high-quality news within 14 days) — quant justification only,No,,,,1,4387.0
OBEROIRLTY,1812.9,52,BUY,12,19,13,4,0,54.2,25.0,66776.0,25.41,17.21,,31.7,28.9,15.765,44.0,38.9,2012.32,1716.461112829984,1903.55,2175.48,11.0,5.3,11.0,5.0,20.0,5.3,2.1,default,Real Estate,"pe_anchored, peg_1.0_fair_value",pe_anchored: +20.0% | peg_1.0_fair_value: +2.0%,fetch_failed,,,,,"Target/Target_Low/Target_High are MODEL estimates from 3 internal valuation methods (see Valuation_Methods_Used), NOT real analyst consensus. Check Real_Analyst_Target_* columns for actual street data if ANALYST_API_CONFIG is set, or verify independently otherwise.",PEG ~0.88 — undervalued vs growth | Dividend 44.0% — paid to hold | EPS growth 28.9% | Revenue growth 31.7% | Earnings accelerating (fwd PE 17.21 vs 25.41) | Above 50 & 200 DMA — uptrend,1-2 years,2,3625.8,192.88,2.7,0.375,4,Top-3 RS in Real Estate,52,Base: model score 52/100 from Quality+Growth+Technical+Momentum | PEG 0.88 — growth clearly outpaces price (+8) | D/E 15.765 — elevated leverage risk (-8),ok,"[17 Jul 2026, upstox.com] Q1 Results: Reliance Industries, JSW Steel, Federal Bank, Havells India, Tata Technologies, Oberoi Realty, others to post earnings on July 17",No,,,,2,3625.8
AIAENG,4598.5,52,BUY,26,11,0,11,0,85.2,75.0,43333.0,34.08,30.95,16.95,9.4,38.0,0.128,35.0,41.9,5104.34,4330.966940046769,4828.42,5518.2,11.0,5.8,11.0,5.0,20.0,5.8,1.9,default,Capital Goods,"pe_anchored, peg_1.0_fair_value",pe_anchored: +20.0% | peg_1.0_fair_value: +2.0%,fetch_failed,,,,,"Target/Target_Low/Target_High are MODEL estimates from 3 internal valuation methods (see Valuation_Methods_Used), NOT real analyst consensus. Check Real_Analyst_Target_* columns for actual street data if ANALYST_API_CONFIG is set, or verify independently otherwise.",ROE 16.95% — good | D/E 0.128 — fortress balance sheet | PEG ~0.9 — undervalued vs growth | Dividend 35.0% — paid to hold | EPS growth 38.0% — strong | 6M return 20% — healthy,1-2 years,0,0.0,0.0,0.0,0.375,4,Top-3 RS in Capital Goods,60,Base: model score 52/100 from Quality+Growth+Technical+Momentum | PEG 0.90 — growth clearly outpaces price (+8),ok,"[25 Jul 2026, TradingView] Price to earnings forward of AIA Engineering Limited – NSE:AIAENG || [25 Jul 2026, TradingView] AIA Engineering Limited Revenue Breakdown – NSE:AIAENG",No,,,,0,0.0
HDFCBANK,747.05,52,BUY,5,16,11,11,5,15.0,87.5,1152604.0,16.42,11.95,13.84,16.6,18.1,,1.77,21.8,806.81,717.8775290116384,784.4,896.46,8.0,3.9,8.0,5.0,20.0,3.9,2.1,private_bank,Banking,"pe_anchored, peg_1.0_fair_value, roe_pb_implied",pe_anchored: +20.0% | peg_1.0_fair_value: +10.2% | roe_pb_implied: -20.0%,fetch_failed,,,,,"Target/Target_Low/Target_High are MODEL estimates from 3 internal valuation methods (see Valuation_Methods_Used), NOT real analyst consensus. Check Real_Analyst_Target_* columns for actual street data if ANALYST_API_CONFIG is set, or verify independently otherwise.","PE 16.42x — cheap | EPS growth 18.1% | Revenue growth 16.6% | Earnings accelerating (fwd PE 11.95 vs 16.42) | RSI 22 — oversold, contrarian entry | Near 52W low (11%) — good entry",1-2 years,6,4482.3,175.03,3.3,0.375,4,Largest market cap in Banking,60,Base: model score 52/100 from Quality+Growth+Technical+Momentum | PEG 0.91 — growth clearly outpaces price (+8),ok,"[29 Jul 2026, rediff.com] Stock Markets Today: Sensex, Nifty Surge; IT Stocks, HDFC Bank Lead Rally || [21 Jul 2026, ETV Bharat] Markets Drift Lower Led By HDFC Bank, Foreign Fund Outflows, US-Iran Conflict Weigh On Sentiment || [20 Jul 2026, The New Indian Express] Stock markets tumble in early trade dragged by HDFC Bank, spike in crude oil prices",No,,,,6,4482.3
AXISBANK,1224.9,52,BUY,12,16,8,11,5,66.2,87.5,384378.0,13.91,9.77,13.35,14.0,21.8,,8.0,30.5,1322.89,1172.4324875443256,1286.15,1469.88,8.0,4.3,8.0,5.0,20.0,4.3,1.9,private_bank,Banking,"pe_anchored, peg_1.0_fair_value, roe_pb_implied",pe_anchored: +20.0% | peg_1.0_fair_value: +20.0% | roe_pb_implied: -20.0%,fetch_failed,,,,,"Target/Target_Low/Target_High are MODEL estimates from 3 internal valuation methods (see Valuation_Methods_Used), NOT real analyst consensus. Check Real_Analyst_Target_* columns for actual street data if ANALYST_API_CONFIG is set, or verify independently otherwise.","PEG ~0.64 — undervalued vs growth | Dividend 8.0% — paid to hold | EPS growth 21.8% | Revenue growth 14.0% | Earnings accelerating (fwd PE 9.77 vs 13.91) | RSI 31 — oversold, contrarian entry",1-2 years,4,4899.6,209.87,3.6,0.375,0,,60,Base: model score 52/100 from Quality+Growth+Technical+Momentum | PEG 0.64 — growth clearly outpaces price (+8),ok,"[20 Jul 2026, ETV Bharat] Sensex Declines By 443 Points On Heavy Selling In HDFC Bank, Axis Bank",No,,,,4,4899.6
AEGISLOG,1279.7,52,BUY,6,26,16,4,0,95.9,54.2,45019.0,49.75,34.63,15.26,52.2,45.8,47.243,1.05,53.0,1420.47,1144.1515816445228,1343.68,1535.64,11.0,10.6,11.0,5.0,20.0,10.6,1.0,default,Diversified/Other,"pe_anchored, peg_1.0_fair_value",pe_anchored: +20.0% | peg_1.0_fair_value: +2.0%,fetch_failed,,,,,"Target/Target_Low/Target_High are MODEL estimates from 3 internal valuation methods (see Valuation_Methods_Used), NOT real analyst consensus. Check Real_Analyst_Target_* columns for actual street data if ANALYST_API_CONFIG is set, or verify independently otherwise.",ROE 15.26% — good | EPS growth 45.8% — strong | Revenue growth 52.2% — exceptional | Earnings accelerating (fwd PE 34.63 vs 49.75) | Above 50 & 200 DMA — uptrend | RSI 53 — ideal 1Y entry zone,1-2 years,3,3839.1,406.65,2.8,0.375,0,,44,Base: model score 52/100 from Quality+Growth+Technical+Momentum | D/E 47.243 — elevated leverage risk (-8),no_recent_news,No recent news found (No high-quality news within 14 days) — quant justification only,No,,,,3,3839.1
USHAMART,507.7,52,BUY,12,20,16,4,0,86.1,54.2,15566.0,29.32,22.1,,16.4,40.8,6.922,73.0,48.3,563.55,479.40752435914914,533.09,609.24,11.0,5.6,11.0,5.0,20.0,5.6,2.0,default,Diversified/Other,"pe_anchored, peg_1.0_fair_value",pe_anchored: +20.0% | peg_1.0_fair_value: +2.0%,fetch_failed,,,,,"Target/Target_Low/Target_High are MODEL estimates from 3 internal valuation methods (see Valuation_Methods_Used), NOT real analyst consensus. Check Real_Analyst_Target_* columns for actual street data if ANALYST_API_CONFIG is set, or verify independently otherwise.",PEG ~0.72 — undervalued vs growth | Dividend 73.0% — paid to hold | EPS growth 40.8% — strong | Revenue growth 16.4% | Earnings accelerating (fwd PE 22.1 vs 29.32) | Above 50 & 200 DMA — uptrend,1-2 years,9,4569.3,254.63,3.4,0.375,0,,52,Base: model score 52/100 from Quality+Growth+Technical+Momentum | PEG 0.72 — growth clearly outpaces price (+8) | D/E 6.922 — elevated leverage risk (-8),ok,"[28 Jul 2026, Investing.com Nigeria] Usha Martin Q1 FY27 slides: revenue crosses Rs 1,000 cr milestone",No,,,,9,4569.3
UNIONBANK,169.64,52,BUY,16,0,16,15,5,81.3,87.5,130596.0,6.22,6.39,15.8,,,,2.97,57.2,229.01,160.1804633274002,229.01,237.5,35.0,5.6,35.0,35.0,40.0,5.6,6.2,psu_bank,Banking,roe_pb_implied,roe_pb_implied: +40.0%,fetch_failed,,,,,"Target/Target_Low/Target_High are MODEL estimates from 3 internal valuation methods (see Valuation_Methods_Used), NOT real analyst consensus. Check Real_Analyst_Target_* columns for actual street data if ANALYST_API_CONFIG is set, or verify independently otherwise.",ROE 15.8% — good | PE 6.22x — cheap | Dividend 2.97% — paid to hold | Above 50 & 200 DMA — uptrend | RSI 57 — ideal 1Y entry zone | 6M return -3% — healthy,1-2 years,30,5089.2,283.79,3.7,0.375,0,,52,Base: model score 52/100 from Quality+Growth+Technical+Momentum,no_recent_news,No recent news found (No high-quality news within 14 days) — quant justification only,No,,,,30,5089.2
SPLPETRO,721.75,52,BUY,7,22,19,4,0,36.0,54.2,13804.0,28.49,29.84,,23.7,193.5,5.61,1.42,52.9,801.14,669.9239086296039,757.84,866.1,11.0,7.2,11.0,5.0,20.0,7.2,1.5,default,Diversified/Other,"pe_anchored, peg_1.0_fair_value",pe_anchored: +20.0% | peg_1.0_fair_value: +2.0%,fetch_failed,,,,,"Target/Target_Low/Target_High are MODEL estimates from 3 internal valuation methods (see Valuation_Methods_Used), NOT real analyst consensus. Check Real_Analyst_Target_* columns for actual street data if ANALYST_API_CONFIG is set, or verify independently otherwise.",PEG ~0.15 — undervalued vs growth | EPS growth 193.5% — explosive | Revenue growth 23.7% | Above 50 & 200 DMA — uptrend | RSI 53 — ideal 1Y entry zone | Mid 52W range (52%),1-2 years,6,4330.5,310.96,3.2,0.375,0,,52,Base: model score 52/100 from Quality+Growth+Technical+Momentum | PEG 0.15 — growth clearly outpaces price (+8) | D/E 5.61 — elevated leverage risk (-8),ok,"[27 Jul 2026, TradingView] Supreme Petrochem Limited Revenue Breakdown – NSE:SPLPETRO",No,,,,6,4330.5
DCMSHRIRAM,1052.8,52,BUY,7,15,18,12,0,12.8,54.2,16278.0,11.44,24.53,,9.3,511.0,37.802,1.39,52.3,1263.36,992.071357079413,1263.36,1263.36,20.0,5.8,20.0,20.0,20.0,5.8,3.4,default,Diversified/Other,"pe_anchored, peg_1.0_fair_value",pe_anchored: +20.0% | peg_1.0_fair_value: +20.0%,fetch_failed,,,,,"Target/Target_Low/Target_High are MODEL estimates from 3 internal valuation methods (see Valuation_Methods_Used), NOT real analyst consensus. Check Real_Analyst_Target_* columns for actual street data if ANALYST_API_CONFIG is set, or verify independently otherwise.",PEG ~0.02 — undervalued vs growth | EPS growth 511.0% — explosive | Above 50 DMA | RSI 52 — ideal 1Y entry zone | Near 52W low (20%) — good entry | 6M return -9% — healthy,1-2 years,4,4211.2,242.91,3.1,0.375,0,,52,Base: model score 52/100 from Quality+Growth+Technical+Momentum | PEG 0.02 — growth clearly outpaces price (+8) | D/E 37.802 — elevated leverage risk (-8),ok,"[28 Jul 2026, Moneycontrol.com] Stocks to Watch Today: Graphite India, Rail Vikas Nigam, Larsen and Toubro, Birlasoft, Tata Capital,... || [17 Jul 2026, scanx.trade] DCM Shriram Fine Chemicals board ratifies ₹68,440 NSE fine",No,,,,4,4211.2
CARTRADE,2746.4,52,BUY,0,24,16,12,0,82.6,54.2,13801.0,66.23,37.48,9.85,19.8,57.3,5.363,,47.3,3048.5,2454.99743365891,2883.72,3295.68,11.0,10.6,11.0,5.0,20.0,10.6,1.0,default,Diversified/Other,"pe_anchored, peg_1.0_fair_value",pe_anchored: +20.0% | peg_1.0_fair_value: +2.0%,fetch_failed,,,,,"Target/Target_Low/Target_High are MODEL estimates from 3 internal valuation methods (see Valuation_Methods_Used), NOT real analyst consensus. Check Real_Analyst_Target_* columns for actual street data if ANALYST_API_CONFIG is set, or verify independently otherwise.",EPS growth 57.3% — explosive | Revenue growth 19.8% | Earnings accelerating (fwd PE 37.48 vs 66.23) | Above 50 & 200 DMA — uptrend | RSI 47 — ideal 1Y entry zone | 6M return 11% — healthy,1-2 years,1,2746.4,291.4,2.0,0.375,0,,44,Base: model score 52/100 from Quality+Growth+Technical+Momentum | D/E 5.363 — elevated leverage risk (-8),ok,"[29 Jul 2026, The Economic Times] CarTrade Tech shares slip 7% despite 19% YoY rise in Q1 profit; EBITDA surges 45%",No,,,,1,2746.4
MINDACORP,700.05,52,BUY,5,27,16,4,0,83.7,54.2,16293.0,46.03,31.07,14.74,29.0,139.1,55.348,23.0,48.1,777.06,659.1527567571662,735.05,840.06,11.0,5.8,11.0,5.0,20.0,5.8,1.9,default,Diversified/Other,"pe_anchored, peg_1.0_fair_value",pe_anchored: +20.0% | peg_1.0_fair_value: +2.0%,fetch_failed,,,,,"Target/Target_Low/Target_High are MODEL estimates from 3 internal valuation methods (see Valuation_Methods_Used), NOT real analyst consensus. Check Real_Analyst_Target_* columns for actual street data if ANALYST_API_CONFIG is set, or verify independently otherwise.",Dividend 23.0% — paid to hold | EPS growth 139.1% — explosive | Revenue growth 29.0% | Earnings accelerating (fwd PE 31.07 vs 46.03) | Above 50 & 200 DMA — uptrend | RSI 48 — ideal 1Y entry zone,1-2 years,7,4900.35,286.28,3.6,0.375,0,,52,Base: model score 52/100 from Quality+Growth+Technical+Momentum | PEG 0.33 — growth clearly outpaces price (+8) | D/E 55.348 — elevated leverage risk (-8),no_recent_news,No recent news found (No high-quality news within 14 days) — quant justification only,No,,,,7,4900.35
NESTLEIND,1527.1,51,BUY,5,23,11,12,0,85.5,37.5,289884.0,75.2,60.5,,25.2,48.1,8.621,80.0,65.3,1695.08,1461.8097761063507,1603.45,1832.52,11.0,4.3,11.0,5.0,20.0,4.3,2.6,consumer_retail,Consumer/Retail,"pe_anchored, peg_1.0_fair_value",pe_anchored: +20.0% | peg_1.0_fair_value: +2.0%,fetch_failed,,,,,"Target/Target_Low/Target_High are MODEL estimates from 3 internal valuation methods (see Valuation_Methods_Used), NOT real analyst consensus. Check Real_Analyst_Target_* columns for actual street data if ANALYST_API_CONFIG is set, or verify independently otherwise.",Dividend 80.0% — paid to hold | EPS growth 48.1% — strong | Revenue growth 25.2% | Earnings accelerating (fwd PE 60.5 vs 75.2) | Above 50 & 200 DMA — uptrend | RSI 65 — slightly elevated,1-2 years,3,4581.3,195.87,3.4,0.375,0,,43,Base: model score 51/100 from Quality+Growth+Technical+Momentum | D/E 8.621 — elevated leverage risk (-8),no_recent_news,No recent news found (No high-quality news within 14 days) — quant justification only,No,,,,3,4581.3
BPCL,317.15,51,BUY,10,7,15,15,0,50.8,33.3,135612.0,7.92,7.94,,34.4,,54.332,6.25,60.5,355.21,301.27780795182724,339.98,370.43,12.0,5.0,12.0,7.2,16.8,5.0,2.4,psu_other,Energy/PSU,fallback,"Fallback (no usable PE/EPS/ROE data) — capped score-based estimate, wide uncertainty band",fetch_failed,,,,,"Target/Target_Low/Target_High are MODEL estimates from 3 internal valuation methods (see Valuation_Methods_Used), NOT real analyst consensus. Check Real_Analyst_Target_* columns for actual street data if ANALYST_API_CONFIG is set, or verify independently otherwise.",PE 7.92x — cheap | Dividend 6.25% — paid to hold | Revenue growth 34.4% | Above 50 DMA | RSI 61 — ideal 1Y entry zone | Mid 52W range (40%),1-2 years,15,4757.25,238.08,3.5,0.375,4,Top-3 RS in Energy/PSU,43,Base: model score 51/100 from Quality+Growth+Technical+Momentum | D/E 54.332 — elevated leverage risk (-8),no_recent_news,No recent news found (No high-quality news within 14 days) — quant justification only,No,,,,15,4757.25
OLECTRA,1322.5,51,BUY,5,30,8,3,5,32.3,83.3,10918.0,61.41,30.72,,43.3,164.1,30.841,3.0,33.6,1467.98,1232.2813104425722,1388.62,1587.0,11.0,6.8,11.0,5.0,20.0,6.8,1.6,default,Auto & Ancillaries,"pe_anchored, peg_1.0_fair_value",pe_anchored: +20.0% | peg_1.0_fair_value: +2.0%,fetch_failed,,,,,"Target/Target_Low/Target_High are MODEL estimates from 3 internal valuation methods (see Valuation_Methods_Used), NOT real analyst consensus. Check Real_Analyst_Target_* columns for actual street data if ANALYST_API_CONFIG is set, or verify independently otherwise.","Dividend 3.0% — paid to hold | EPS growth 164.1% — explosive | Revenue growth 43.3% — exceptional | Earnings accelerating (fwd PE 30.72 vs 61.41) | RSI 34 — oversold, contrarian entry | Mid 52W range (54%)",1-2 years,3,3967.5,270.66,2.9,0.375,0,,51,Base: model score 51/100 from Quality+Growth+Technical+Momentum | PEG 0.37 — growth clearly outpaces price (+8) | D/E 30.841 — elevated leverage risk (-8),no_recent_news,No recent news found (No high-quality news within 14 days) — quant justification only,No,,,,3,3967.5
ANANDRATHI,2052.5,51,BUY,5,30,8,4,0,93.3,79.2,33789.0,73.97,60.47,,52.1,71.0,8.25,34.0,40.8,2278.28,1950.0629092046497,2155.12,2463.0,11.0,5.0,11.0,5.0,20.0,5.0,2.2,default,Capital Markets Infra,"pe_anchored, peg_1.0_fair_value",pe_anchored: +20.0% | peg_1.0_fair_value: +2.0%,fetch_failed,,,,,"Target/Target_Low/Target_High are MODEL estimates from 3 internal valuation methods (see Valuation_Methods_Used), NOT real analyst consensus. Check Real_Analyst_Target_* columns for actual street data if ANALYST_API_CONFIG is set, or verify independently otherwise.",Dividend 34.0% — paid to hold | EPS growth 71.0% — explosive | Revenue growth 52.1% — exceptional | Earnings accelerating (fwd PE 60.47 vs 73.97) | Above 50 & 200 DMA — uptrend | 1M return 4% — stable base,1-2 years,2,4105.0,204.87,3.0,0.375,4,Top-3 RS in Capital Markets Infra,43,Base: model score 51/100 from Quality+Growth+Technical+Momentum | D/E 8.25 — elevated leverage risk (-8),no_recent_news,No recent news found (No high-quality news within 14 days) — quant justification only,No,,,,2,4105.0
CGCL,222.49,51,BUY,12,30,5,4,0,76.6,54.2,21798.0,19.46,12.47,,85.8,79.4,334.728,9.0,23.0,256.98,204.25694814807747,246.96,266.99,15.5,8.2,15.5,11.0,20.0,8.2,1.9,default,Diversified/Other,"pe_anchored, peg_1.0_fair_value",pe_anchored: +20.0% | peg_1.0_fair_value: +11.0%,fetch_failed,,,,,"Target/Target_Low/Target_High are MODEL estimates from 3 internal valuation methods (see Valuation_Methods_Used), NOT real analyst consensus. Check Real_Analyst_Target_* columns for actual street data if ANALYST_API_CONFIG is set, or verify independently otherwise.","PEG ~0.25 — undervalued vs growth | Dividend 9.0% — paid to hold | EPS growth 79.4% — explosive | Revenue growth 85.8% — exceptional | Earnings accelerating (fwd PE 12.47 vs 19.46) | RSI 23 — oversold, contrarian entry",1-2 years,22,4894.78,401.13,3.6,0.375,0,,51,Base: model score 51/100 from Quality+Growth+Technical+Momentum | PEG 0.25 — growth clearly outpaces price (+8) | D/E 334.728 — elevated leverage risk (-8),ok,"[25 Jul 2026, TradingView] Capri Global Capital Limited Revenue Breakdown – NSE:CGCL",No,,,,22,4894.78
ABLBL,95.39,51,BUY,5,20,14,12,0,4.8,54.2,11591.0,67.68,31.96,12.72,11.9,45.2,213.719,53.0,50.4,105.88,90.00254423209591,100.16,114.47,11.0,5.6,11.0,5.0,20.0,5.6,2.0,default,Diversified/Other,"pe_anchored, peg_1.0_fair_value",pe_anchored: +20.0% | peg_1.0_fair_value: +2.0%,fetch_failed,,,,,"Target/Target_Low/Target_High are MODEL estimates from 3 internal valuation methods (see Valuation_Methods_Used), NOT real analyst consensus. Check Real_Analyst_Target_* columns for actual street data if ANALYST_API_CONFIG is set, or verify independently otherwise.",Dividend 53.0% — paid to hold | EPS growth 45.2% — strong | Revenue growth 11.9% | Earnings accelerating (fwd PE 31.96 vs 67.68) | RSI 50 — ideal 1Y entry zone | Near 52W low (12%) — good entry,1-2 years,53,5055.67,285.54,3.7,0.375,0,,43,Base: model score 51/100 from Quality+Growth+Technical+Momentum | D/E 213.719 — elevated leverage risk (-8),no_recent_news,No recent news found (No high-quality news within 14 days) — quant justification only,No,,,,53,5055.67
AADHARHFC,490.2,51,BUY,13,19,8,11,0,45.6,41.7,21629.0,19.95,13.28,15.75,24.4,26.0,255.574,,23.1,559.32,461.29816771191383,530.89,588.24,14.1,5.9,14.1,8.3,20.0,5.9,2.4,default,Housing Finance/NBFC,"pe_anchored, peg_1.0_fair_value",pe_anchored: +20.0% | peg_1.0_fair_value: +8.3%,fetch_failed,,,,,"Target/Target_Low/Target_High are MODEL estimates from 3 internal valuation methods (see Valuation_Methods_Used), NOT real analyst consensus. Check Real_Analyst_Target_* columns for actual street data if ANALYST_API_CONFIG is set, or verify independently otherwise.","ROE 15.75% — good | PEG ~0.77 — undervalued vs growth | EPS growth 26.0% | Revenue growth 24.4% | Earnings accelerating (fwd PE 13.28 vs 19.95) | RSI 23 — oversold, contrarian entry",1-2 years,10,4902.0,289.02,3.6,0.375,0,,51,Base: model score 51/100 from Quality+Growth+Technical+Momentum | PEG 0.77 — growth clearly outpaces price (+8) | D/E 255.574 — elevated leverage risk (-8),ok,"[26 Jul 2026, TradingView] Aadhar Housing Finance Ltd Revenue Breakdown – NSE:AADHARHFC",No,,,,10,4902.0
GRAVITA,1629.6,50,BUY,5,15,8,12,10,33.4,95.8,11765.0,30.49,21.14,,41.8,14.0,29.934,64.0,20.1,1808.86,1509.7554994539505,1711.08,1955.52,11.0,7.4,11.0,5.0,20.0,7.4,1.5,default,Metals & Mining,"pe_anchored, peg_1.0_fair_value",pe_anchored: +20.0% | peg_1.0_fair_value: +2.0%,fetch_failed,,,,,"Target/Target_Low/Target_High are MODEL estimates from 3 internal valuation methods (see Valuation_Methods_Used), NOT real analyst consensus. Check Real_Analyst_Target_* columns for actual street data if ANALYST_API_CONFIG is set, or verify independently otherwise.","Dividend 64.0% — paid to hold | Revenue growth 41.8% — exceptional | Earnings accelerating (fwd PE 21.14 vs 30.49) | RSI 20 — oversold, contrarian entry | Mid 52W range (53%) | 6M return 0% — healthy",1-2 years,3,4888.8,359.53,3.6,0.375,0,,42,Base: model score 50/100 from Quality+Growth+Technical+Momentum | D/E 29.934 — elevated leverage risk (-8),ok,"[28 Jul 2026, Business Standard] Gravita India shares fall 8% after Q1 results; announces unit closure",No,,,,3,4888.8
COLPAL,2104.8,50,BUY,15,0,19,12,0,44.7,37.5,58923.0,44.44,36.77,81.59,9.1,-0.5,2.993,2.24,56.5,2357.38,2007.6018752464538,2256.35,2458.41,12.0,4.6,12.0,7.2,16.8,4.6,2.6,consumer_retail,Consumer/Retail,fallback,"Fallback (no usable PE/EPS/ROE data) — capped score-based estimate, wide uncertainty band",fetch_failed,,,,,"Target/Target_Low/Target_High are MODEL estimates from 3 internal valuation methods (see Valuation_Methods_Used), NOT real analyst consensus. Check Real_Analyst_Target_* columns for actual street data if ANALYST_API_CONFIG is set, or verify independently otherwise.",ROE 81.59% — excellent | Dividend 2.24% — paid to hold | Above 50 & 200 DMA — uptrend | RSI 57 — ideal 1Y entry zone | Mid 52W range (50%) | 6M return -1% — healthy,1-2 years,2,4209.6,194.4,3.1,0.375,4,Highest ROE in Consumer/Retail,42,Base: model score 50/100 from Quality+Growth+Technical+Momentum | D/E 2.993 — elevated leverage risk (-8),no_recent_news,No recent news found (No high-quality news within 14 days) — quant justification only,No,,,,2,4209.6
ANGELONE,299.05,50,BUY,7,27,5,11,0,69.8,79.2,27634.0,27.3,17.1,,23.0,100.0,129.314,1.67,16.9,331.95,278.4067017227566,314.0,358.86,11.0,6.9,11.0,5.0,20.0,6.9,1.6,default,Capital Markets Infra,"pe_anchored, peg_1.0_fair_value",pe_anchored: +20.0% | peg_1.0_fair_value: +2.0%,fetch_failed,,,,,"Target/Target_Low/Target_High are MODEL estimates from 3 internal valuation methods (see Valuation_Methods_Used), NOT real analyst consensus. Check Real_Analyst_Target_* columns for actual street data if ANALYST_API_CONFIG is set, or verify independently otherwise.","PEG ~0.27 — undervalued vs growth | EPS growth 100.0% — explosive | Revenue growth 23.0% | Earnings accelerating (fwd PE 17.1 vs 27.3) | RSI 17 — oversold, contrarian entry | 6M return 17% — healthy",1-2 years,16,4784.8,330.29,3.5,0.375,0,,50,Base: model score 50/100 from Quality+Growth+Technical+Momentum | PEG 0.27 — growth clearly outpaces price (+8) | D/E 129.314 — elevated leverage risk (-8),no_recent_news,No recent news found (No high-quality news within 14 days) — quant justification only,No,,,,16,4784.8
IKS,1807.9,50,BUY,10,20,8,12,0,65.7,54.2,30517.0,43.1,30.95,31.44,18.5,38.6,26.873,,43.1,2006.77,1697.5784797865108,1898.3,2169.48,11.0,6.1,11.0,5.0,20.0,6.1,1.8,default,Diversified/Other,"pe_anchored, peg_1.0_fair_value",pe_anchored: +20.0% | peg_1.0_fair_value: +2.0%,fetch_failed,,,,,"Target/Target_Low/Target_High are MODEL estimates from 3 internal valuation methods (see Valuation_Methods_Used), NOT real analyst consensus. Check Real_Analyst_Target_* columns for actual street data if ANALYST_API_CONFIG is set, or verify independently otherwise.",ROE 31.44% — excellent | EPS growth 38.6% — strong | Revenue growth 18.5% | Earnings accelerating (fwd PE 30.95 vs 43.1) | Above 50 & 200 DMA — uptrend | 6M return 14% — healthy,1-2 years,2,3615.8,220.64,2.7,0.375,0,,42,Base: model score 50/100 from Quality+Growth+Technical+Momentum | D/E 26.873 — elevated leverage risk (-8),no_recent_news,No recent news found (No high-quality news within 14 days) — quant justification only,No,,,,2,3615.8
JKCEMENT,5580.0,50,BUY,5,12,22,12,-5,28.0,4.2,43595.0,46.08,28.97,,28.0,-14.5,87.522,35.0,61.5,6249.6,5258.129808774482,5981.76,6517.44,12.0,5.8,12.0,7.2,16.8,5.8,2.1,default,Cement,fallback,"Fallback (no usable PE/EPS/ROE data) — capped score-based estimate, wide uncertainty band",fetch_failed,,,,,"Target/Target_Low/Target_High are MODEL estimates from 3 internal valuation methods (see Valuation_Methods_Used), NOT real analyst consensus. Check Real_Analyst_Target_* columns for actual street data if ANALYST_API_CONFIG is set, or verify independently otherwise.",Dividend 35.0% — paid to hold | Revenue growth 28.0% | Earnings accelerating (fwd PE 28.97 vs 46.08) | Above 50 & 200 DMA — uptrend | RSI 61 — ideal 1Y entry zone | Near 52W low (32%) — good entry,1-2 years,0,0.0,0.0,0.0,0.375,4,Top-3 RS in Cement,42,Base: model score 50/100 from Quality+Growth+Technical+Momentum | D/E 87.522 — elevated leverage risk (-8),no_recent_news,No recent news found (No high-quality news within 14 days) — quant justification only,No,,,,0,0.0
HYUNDAI,2002.2,49,BUY,10,5,13,12,5,43.2,83.3,161931.0,29.81,22.49,29.92,4.8,-22.2,5.484,1.05,62.3,2242.46,1905.663405181738,2146.36,2338.57,12.0,4.8,12.0,7.2,16.8,4.8,2.5,default,Auto & Ancillaries,fallback,"Fallback (no usable PE/EPS/ROE data) — capped score-based estimate, wide uncertainty band",fetch_failed,,,,,"Target/Target_Low/Target_High are MODEL estimates from 3 internal valuation methods (see Valuation_Methods_Used), NOT real analyst consensus. Check Real_Analyst_Target_* columns for actual street data if ANALYST_API_CONFIG is set, or verify independently otherwise.",ROE 29.92% — excellent | Earnings accelerating (fwd PE 22.49 vs 29.81) | Above 50 DMA | RSI 62 — slightly elevated | Near 52W low (28%) — good entry | 6M return -7% — healthy,1-2 years,2,4004.4,193.07,2.9,0.375,4,Highest ROE in Auto & Ancillaries,41,Base: model score 49/100 from Quality+Growth+Technical+Momentum | D/E 5.484 — elevated leverage risk (-8),no_recent_news,No recent news found (No high-quality news within 14 days) — quant justification only,No,,,,2,4004.4
GPIL,247.5,49,BUY,12,12,3,12,10,82.2,95.8,16382.0,19.53,11.19,14.87,9.7,23.1,7.582,41.0,42.6,285.37,232.4866829962704,273.74,297.0,15.3,6.1,15.3,10.6,20.0,6.1,2.5,default,Metals & Mining,"pe_anchored, peg_1.0_fair_value",pe_anchored: +20.0% | peg_1.0_fair_value: +10.6%,fetch_failed,,,,,"Target/Target_Low/Target_High are MODEL estimates from 3 internal valuation methods (see Valuation_Methods_Used), NOT real analyst consensus. Check Real_Analyst_Target_* columns for actual street data if ANALYST_API_CONFIG is set, or verify independently otherwise.",PEG ~0.85 — undervalued vs growth | Dividend 41.0% — paid to hold | EPS growth 23.1% | Earnings accelerating (fwd PE 11.19 vs 19.53) | Mid 52W range (47%) | 6M return -4% — healthy,1-2 years,20,4950.0,300.27,3.6,0.375,0,,49,Base: model score 49/100 from Quality+Growth+Technical+Momentum | PEG 0.85 — growth clearly outpaces price (+8) | D/E 7.582 — elevated leverage risk (-8),no_recent_news,No recent news found (No high-quality news within 14 days) — quant justification only,No,,,,20,4950.0
EMCURE,1912.1,49,BUY,18,16,11,4,0,83.3,54.2,36109.0,38.99,25.21,19.57,16.7,28.8,30.567,16.0,62.9,2122.43,1801.5029362661246,2007.7,2294.52,11.0,5.8,11.0,5.0,20.0,5.8,1.9,default,Diversified/Other,"pe_anchored, peg_1.0_fair_value",pe_anchored: +20.0% | peg_1.0_fair_value: +2.0%,fetch_failed,,,,,"Target/Target_Low/Target_High are MODEL estimates from 3 internal valuation methods (see Valuation_Methods_Used), NOT real analyst consensus. Check Real_Analyst_Target_* columns for actual street data if ANALYST_API_CONFIG is set, or verify independently otherwise.",ROE 19.57% — good | PEG ~1.35 — undervalued vs growth | Dividend 16.0% — paid to hold | EPS growth 28.8% | Revenue growth 16.7% | Earnings accelerating (fwd PE 25.21 vs 38.99),1-2 years,2,3824.2,221.19,2.8,0.375,0,,41,Base: model score 49/100 from Quality+Growth+Technical+Momentum | D/E 30.567 — elevated leverage risk (-8),no_recent_news,No recent news found (No high-quality news within 14 days) — quant justification only,No,,,,2,3824.2
INDHOTEL,741.85,49,BUY,5,16,16,12,0,49.0,54.2,105078.0,49.02,39.51,,15.1,20.7,18.987,44.0,55.2,823.45,711.8344810924825,778.94,890.22,11.0,4.0,11.0,5.0,20.0,4.0,2.8,default,Diversified/Other,"pe_anchored, peg_1.0_fair_value",pe_anchored: +20.0% | peg_1.0_fair_value: +2.0%,fetch_failed,,,,,"Target/Target_Low/Target_High are MODEL estimates from 3 internal valuation methods (see Valuation_Methods_Used), NOT real analyst consensus. Check Real_Analyst_Target_* columns for actual street data if ANALYST_API_CONFIG is set, or verify independently otherwise.",Dividend 44.0% — paid to hold | EPS growth 20.7% | Revenue growth 15.1% | Earnings accelerating (fwd PE 39.51 vs 49.02) | Above 50 & 200 DMA — uptrend | RSI 55 — ideal 1Y entry zone,1-2 years,6,4451.1,180.09,3.3,0.375,0,,41,Base: model score 49/100 from Quality+Growth+Technical+Momentum | D/E 18.987 — elevated leverage risk (-8),ok,"[28 Jul 2026, TradingView] Price to book forward of Indian Hotels Co. Ltd. – NSE:INDHOTEL",No,,,,6,4451.1
MEDANTA,1413.2,49,BUY,11,23,11,4,0,59.2,54.2,38505.0,69.56,44.41,15.03,24.5,42.0,29.869,4.0,67.2,1568.65,1346.1722124385938,1483.86,1695.84,11.0,4.7,11.0,5.0,20.0,4.7,2.3,default,Diversified/Other,"pe_anchored, peg_1.0_fair_value",pe_anchored: +20.0% | peg_1.0_fair_value: +2.0%,fetch_failed,,,,,"Target/Target_Low/Target_High are MODEL estimates from 3 internal valuation methods (see Valuation_Methods_Used), NOT real analyst consensus. Check Real_Analyst_Target_* columns for actual street data if ANALYST_API_CONFIG is set, or verify independently otherwise.",ROE 15.03% — good | Dividend 4.0% — paid to hold | EPS growth 42.0% — strong | Revenue growth 24.5% | Earnings accelerating (fwd PE 44.41 vs 69.56) | Above 50 & 200 DMA — uptrend,1-2 years,3,4239.6,201.08,3.1,0.375,0,,41,Base: model score 49/100 from Quality+Growth+Technical+Momentum | D/E 29.869 — elevated leverage risk (-8),no_recent_news,No recent news found (No high-quality news within 14 days) — quant justification only,No,,,,3,4239.6
RITES,217.4,49,BUY,19,12,7,11,0,25.8,54.2,10523.0,25.61,19.88,16.4,24.8,-2.2,0.236,3.55,41.8,256.53,204.44323905288883,240.88,272.18,18.0,6.0,18.0,10.8,25.2,6.0,3.0,default,Diversified/Other,fallback,"Fallback (no usable PE/EPS/ROE data) — capped score-based estimate, wide uncertainty band",fetch_failed,,,,,"Target/Target_Low/Target_High are MODEL estimates from 3 internal valuation methods (see Valuation_Methods_Used), NOT real analyst consensus. Check Real_Analyst_Target_* columns for actual street data if ANALYST_API_CONFIG is set, or verify independently otherwise.",ROE 16.4% — good | D/E 0.236 — fortress balance sheet | Dividend 3.55% — paid to hold | Revenue growth 24.8% | Earnings accelerating (fwd PE 19.88 vs 25.61) | Above 50 DMA,1-2 years,23,5000.2,298.01,3.7,0.375,0,,49,Base: model score 49/100 from Quality+Growth+Technical+Momentum,no_recent_news,No recent news found (No high-quality news within 14 days) — quant justification only,No,,,,23,5000.2
RAILTEL,293.95,49,BUY,13,19,11,11,-5,14.3,16.7,9420.0,27.18,19.63,16.25,27.6,25.3,2.817,1.13,39.7,326.28,278.27294628283795,308.65,352.74,11.0,5.3,11.0,5.0,20.0,5.3,2.1,default,Logistics & Infra,"pe_anchored, peg_1.0_fair_value",pe_anchored: +20.0% | peg_1.0_fair_value: +2.0%,fetch_failed,,,,,"Target/Target_Low/Target_High are MODEL estimates from 3 internal valuation methods (see Valuation_Methods_Used), NOT real analyst consensus. Check Real_Analyst_Target_* columns for actual street data if ANALYST_API_CONFIG is set, or verify independently otherwise.","ROE 16.25% — good | PEG ~1.07 — undervalued vs growth | EPS growth 25.3% | Revenue growth 27.6% | Earnings accelerating (fwd PE 19.63 vs 27.18) | RSI 40 — oversold, contrarian entry",1-2 years,17,4997.15,266.51,3.7,0.375,0,,41,Base: model score 49/100 from Quality+Growth+Technical+Momentum | D/E 2.817 — elevated leverage risk (-8),ok,"[25 Jul 2026, TradingView] RailTel Corp. of India Ltd. Revenue Breakdown – NSE:RAILTEL",No,,,,17,4997.15
TBOTEK,1511.5,49,BUY,6,15,16,12,0,63.8,54.2,16259.0,66.84,32.8,17.79,82.5,2.2,48.762,,52.6,1677.76,1408.7786585730112,1587.08,1813.8,11.0,6.8,11.0,5.0,20.0,6.8,1.6,default,Diversified/Other,"pe_anchored, peg_1.0_fair_value",pe_anchored: +20.0% | peg_1.0_fair_value: +2.0%,fetch_failed,,,,,"Target/Target_Low/Target_High are MODEL estimates from 3 internal valuation methods (see Valuation_Methods_Used), NOT real analyst consensus. Check Real_Analyst_Target_* columns for actual street data if ANALYST_API_CONFIG is set, or verify independently otherwise.",ROE 17.79% — good | Revenue growth 82.5% — exceptional | Earnings accelerating (fwd PE 32.8 vs 66.84) | Above 50 & 200 DMA — uptrend | RSI 53 — ideal 1Y entry zone | 6M return 7% — healthy,1-2 years,3,4534.5,308.16,3.3,0.375,0,,31,Base: model score 49/100 from Quality+Growth+Technical+Momentum | PEG 30.38 — expensive vs growth rate (-10) | D/E 48.762 — elevated leverage risk (-8),ok,"[29 Jul 2026, Moneycontrol.com] Stocks to Watch Today: NBCC, Hirect, Indo-MIM, Xtranet Tech, MOIL, MTAR Tech, Eicher Motors, Prestige...",No,,,,3,4534.5
ICICIBANK,1428.0,48,BUY,11,4,16,12,5,44.5,87.5,1031446.0,18.48,15.3,16.07,11.4,13.8,,84.0,59.5,1542.24,1379.2698305452984,1499.4,1713.6,8.0,3.4,8.0,5.0,20.0,3.4,2.4,private_bank,Banking,"pe_anchored, peg_1.0_fair_value, roe_pb_implied",pe_anchored: +20.0% | peg_1.0_fair_value: +2.0% | roe_pb_implied: -20.0%,fetch_failed,,,,,"Target/Target_Low/Target_High are MODEL estimates from 3 internal valuation methods (see Valuation_Methods_Used), NOT real analyst consensus. Check Real_Analyst_Target_* columns for actual street data if ANALYST_API_CONFIG is set, or verify independently otherwise.",ROE 16.07% — good | Dividend 84.0% — paid to hold | Revenue growth 11.4% | Above 50 & 200 DMA — uptrend | RSI 60 — ideal 1Y entry zone | 6M return 3% — healthy,1-2 years,3,4284.0,146.19,3.2,0.375,0,,48,Base: model score 48/100 from Quality+Growth+Technical+Momentum,no_recent_news,No recent news found (No high-quality news within 14 days) — quant justification only,No,,,,3,4284.0
BSOFT,313.9,48,BUY,12,15,13,8,0,23.4,54.2,8699.0,15.24,12.91,,7.4,50.8,3.422,2.17,64.9,376.68,290.97984289536765,376.68,376.68,20.0,7.3,20.0,20.0,20.0,7.3,2.7,default,Diversified/Other,"pe_anchored, peg_1.0_fair_value",pe_anchored: +20.0% | peg_1.0_fair_value: +20.0%,fetch_failed,,,,,"Target/Target_Low/Target_High are MODEL estimates from 3 internal valuation methods (see Valuation_Methods_Used), NOT real analyst consensus. Check Real_Analyst_Target_* columns for actual street data if ANALYST_API_CONFIG is set, or verify independently otherwise.",PEG ~0.3 — undervalued vs growth | Dividend 2.17% — paid to hold | EPS growth 50.8% — explosive | Above 50 DMA | RSI 65 — slightly elevated | Near 52W low (24%) — good entry,1-2 years,16,5022.4,366.72,3.7,0.375,0,,48,Base: model score 48/100 from Quality+Growth+Technical+Momentum | PEG 0.30 — growth clearly outpaces price (+8) | D/E 3.422 — elevated leverage risk (-8),no_recent_news,No recent news found (No high-quality news within 14 days) — quant justification only,No,,,,16,5022.4
HUDCO,197.21,48,BUY,12,11,8,14,-5,38.4,16.7,39079.0,9.19,8.13,,9.8,34.9,645.775,2.57,39.9,236.65,185.73933287672406,236.65,236.65,20.0,5.8,20.0,20.0,20.0,5.8,3.4,psu_other,Logistics & Infra,"pe_anchored, peg_1.0_fair_value",pe_anchored: +20.0% | peg_1.0_fair_value: +20.0%,fetch_failed,,,,,"Target/Target_Low/Target_High are MODEL estimates from 3 internal valuation methods (see Valuation_Methods_Used), NOT real analyst consensus. Check Real_Analyst_Target_* columns for actual street data if ANALYST_API_CONFIG is set, or verify independently otherwise.","PEG ~0.26 — undervalued vs growth | Dividend 2.57% — paid to hold | EPS growth 34.9% — strong | RSI 40 — oversold, contrarian entry | Mid 52W range (46%) | 6M return -2% — healthy",1-2 years,25,4930.25,286.77,3.6,0.375,8,"Largest market cap in Logistics & Infra, Top-3 RS in Logistics & Infra",48,Base: model score 48/100 from Quality+Growth+Technical+Momentum | PEG 0.26 — growth clearly outpaces price (+8) | D/E 645.775 — elevated leverage risk (-8),no_recent_news,No recent news found (No high-quality news within 14 days) — quant justification only,No,,,,25,4930.25
SONACOMS,733.1,48,BUY,5,26,8,0,5,93.1,83.3,44865.0,64.39,42.92,,52.4,44.3,7.213,50.0,77.3,813.74,695.8973303982431,769.75,879.72,11.0,5.1,11.0,5.0,20.0,5.1,2.2,default,Auto & Ancillaries,"pe_anchored, peg_1.0_fair_value",pe_anchored: +20.0% | peg_1.0_fair_value: +2.0%,fetch_failed,,,,,"Target/Target_Low/Target_High are MODEL estimates from 3 internal valuation methods (see Valuation_Methods_Used), NOT real analyst consensus. Check Real_Analyst_Target_* columns for actual street data if ANALYST_API_CONFIG is set, or verify independently otherwise.","Dividend 50.0% — paid to hold | EPS growth 44.3% — strong | Revenue growth 52.4% — exceptional | Earnings accelerating (fwd PE 42.92 vs 64.39) | Above 50 & 200 DMA — uptrend | Sector RS bonus (+5, sector percentile 83.3)",1-2 years,6,4398.6,223.22,3.2,0.375,4,Top-3 RS in Auto & Ancillaries,40,Base: model score 48/100 from Quality+Growth+Technical+Momentum | D/E 7.213 — elevated leverage risk (-8),ok,"[27 Jul 2026, scanx.trade] Sona BLW Precision Forgings Q1 Results: Earnings Call Recording Released",No,,,,6,4398.6
STARHEALTH,604.5,48,BUY,0,24,16,4,0,87.0,20.8,35237.0,63.3,22.74,,13.8,18800.0,,,50.6,671.0,569.518673831059,634.72,725.4,11.0,5.8,11.0,5.0,20.0,5.8,1.9,default,Insurance,"pe_anchored, peg_1.0_fair_value",pe_anchored: +20.0% | peg_1.0_fair_value: +2.0%,fetch_failed,,,,,"Target/Target_Low/Target_High are MODEL estimates from 3 internal valuation methods (see Valuation_Methods_Used), NOT real analyst consensus. Check Real_Analyst_Target_* columns for actual street data if ANALYST_API_CONFIG is set, or verify independently otherwise.",EPS growth 18800.0% — explosive | Revenue growth 13.8% | Earnings accelerating (fwd PE 22.74 vs 63.3) | Above 50 & 200 DMA — uptrend | RSI 51 — ideal 1Y entry zone | 1M return 3% — stable base,1-2 years,8,4836.0,279.85,3.6,0.375,4,Top-3 RS in Insurance,56,Base: model score 48/100 from Quality+Growth+Technical+Momentum | PEG 0.00 — growth clearly outpaces price (+8),no_recent_news,No recent news found (No high-quality news within 14 days) — quant justification only,No,,,,8,4836.0
UCOBANK,26.35,48,BUY,5,10,18,15,0,31.5,54.2,33242.0,11.83,18.94,8.54,53.0,8.3,,1.65,45.2,29.25,25.089316804217134,27.67,31.62,11.0,4.8,11.0,5.0,20.0,4.8,2.3,default,Diversified/Other,"pe_anchored, peg_1.0_fair_value",pe_anchored: +20.0% | peg_1.0_fair_value: +2.0%,fetch_failed,,,,,"Target/Target_Low/Target_High are MODEL estimates from 3 internal valuation methods (see Valuation_Methods_Used), NOT real analyst consensus. Check Real_Analyst_Target_* columns for actual street data if ANALYST_API_CONFIG is set, or verify independently otherwise.",PE 11.83x — cheap | Revenue growth 53.0% — exceptional | Above 50 DMA | RSI 45 — ideal 1Y entry zone | Near 52W low (38%) — good entry | 6M return -7% — healthy,1-2 years,193,5085.55,243.31,3.7,0.375,0,,48,Base: model score 48/100 from Quality+Growth+Technical+Momentum,ok,"[29 Jul 2026, The Economic Times] UCO Bank plans $500-million overseas fundraise",No,,,,193,5085.55
BALKRISIND,2271.8,48,BUY,5,5,21,12,5,26.0,83.3,40243.0,31.35,21.06,,6.9,-15.0,35.269,75.0,52.1,2680.72,2130.9888921457873,2517.15,2844.29,18.0,6.2,18.0,10.8,25.2,6.2,2.9,default,Auto & Ancillaries,fallback,"Fallback (no usable PE/EPS/ROE data) — capped score-based estimate, wide uncertainty band",fetch_failed,,,,,"Target/Target_Low/Target_High are MODEL estimates from 3 internal valuation methods (see Valuation_Methods_Used), NOT real analyst consensus. Check Real_Analyst_Target_* columns for actual street data if ANALYST_API_CONFIG is set, or verify independently otherwise.",Dividend 75.0% — paid to hold | Earnings accelerating (fwd PE 21.06 vs 31.35) | Above 50 DMA | RSI 52 — ideal 1Y entry zone | Near 52W low (38%) — good entry | Volume 5.8x avg — accumulation,1-2 years,1,2271.8,140.81,1.7,0.375,0,,40,Base: model score 48/100 from Quality+Growth+Technical+Momentum | D/E 35.269 — elevated leverage risk (-8),no_recent_news,No recent news found (No high-quality news within 14 days) — quant justification only,No,,,,1,2271.8
TATACONSUM,1106.4,47,WATCH,5,16,14,12,0,56.8,37.5,108476.0,65.36,45.82,,11.9,27.9,12.159,92.0,48.3,1228.1,1056.7003346267227,1161.72,1327.68,11.0,4.5,11.0,5.0,20.0,4.5,2.4,default,Consumer/Retail,"pe_anchored, peg_1.0_fair_value",pe_anchored: +20.0% | peg_1.0_fair_value: +2.0%,fetch_failed,,,,,"Target/Target_Low/Target_High are MODEL estimates from 3 internal valuation methods (see Valuation_Methods_Used), NOT real analyst consensus. Check Real_Analyst_Target_* columns for actual street data if ANALYST_API_CONFIG is set, or verify independently otherwise.",Dividend 92.0% — paid to hold | EPS growth 27.9% | Revenue growth 11.9% | Earnings accelerating (fwd PE 45.82 vs 65.36) | RSI 48 — ideal 1Y entry zone | Near 52W low (39%) — good entry,1-2 years,4,4425.6,198.8,3.3,0.375,0,,39,Base: model score 47/100 from Quality+Growth+Technical+Momentum | D/E 12.159 — elevated leverage risk (-8),skipped,Not fetched (grade below threshold) — quant justification only,No,,,,4,4425.6
WELCORP,1672.3,47,WATCH,12,19,16,0,0,97.6,54.2,44751.0,19.38,17.2,,14.9,198.3,25.042,30.0,60.1,1934.85,1565.8505302035385,1864.61,2006.76,15.7,6.4,15.7,11.5,20.0,6.4,2.5,default,Diversified/Other,"pe_anchored, peg_1.0_fair_value",pe_anchored: +20.0% | peg_1.0_fair_value: +11.5%,fetch_failed,,,,,"Target/Target_Low/Target_High are MODEL estimates from 3 internal valuation methods (see Valuation_Methods_Used), NOT real analyst consensus. Check Real_Analyst_Target_* columns for actual street data if ANALYST_API_CONFIG is set, or verify independently otherwise.",PEG ~0.1 — undervalued vs growth | Dividend 30.0% — paid to hold | EPS growth 198.3% — explosive | Revenue growth 14.9% | Above 50 & 200 DMA — uptrend | RSI 60 — ideal 1Y entry zone,1-2 years,3,5016.9,319.35,3.7,0.375,0,,47,Base: model score 47/100 from Quality+Growth+Technical+Momentum | PEG 0.10 — growth clearly outpaces price (+8) | D/E 25.042 — elevated leverage risk (-8),skipped,Not fetched (grade below threshold) — quant justification only,No,,,,3,5016.9
UTIAMC,902.75,47,WATCH,12,12,11,12,0,8.7,54.2,11762.0,25.12,16.0,,6.7,24.0,3.129,4.44,33.6,1002.05,857.5498703512827,947.89,1083.3,11.0,5.0,11.0,5.0,20.0,5.0,2.2,default,Diversified/Other,"pe_anchored, peg_1.0_fair_value",pe_anchored: +20.0% | peg_1.0_fair_value: +2.0%,fetch_failed,,,,,"Target/Target_Low/Target_High are MODEL estimates from 3 internal valuation methods (see Valuation_Methods_Used), NOT real analyst consensus. Check Real_Analyst_Target_* columns for actual street data if ANALYST_API_CONFIG is set, or verify independently otherwise.","PEG ~1.05 — undervalued vs growth | Dividend 4.44% — paid to hold | EPS growth 24.0% | Earnings accelerating (fwd PE 16.0 vs 25.12) | RSI 34 — oversold, contrarian entry | Near 52W low (8%) — good entry",1-2 years,5,4513.75,226.0,3.3,0.375,0,,39,Base: model score 47/100 from Quality+Growth+Technical+Momentum | D/E 3.129 — elevated leverage risk (-8),skipped,Not fetched (grade below threshold) — quant justification only,No,,,,5,4513.75
CHOLAHLDNG,1512.7,47,WATCH,16,9,11,11,0,18.0,54.2,28499.0,11.65,7.55,18.04,16.8,12.0,623.156,9.0,16.8,1686.66,1424.6062490536347,1588.33,1815.24,11.5,5.8,11.5,5.0,20.0,5.8,2.0,default,Diversified/Other,"pe_anchored, peg_1.0_fair_value",pe_anchored: +20.0% | peg_1.0_fair_value: +3.0%,fetch_failed,,,,,"Target/Target_Low/Target_High are MODEL estimates from 3 internal valuation methods (see Valuation_Methods_Used), NOT real analyst consensus. Check Real_Analyst_Target_* columns for actual street data if ANALYST_API_CONFIG is set, or verify independently otherwise.","ROE 18.04% — good | PE 11.65x — cheap | Dividend 9.0% — paid to hold | Revenue growth 16.8% | Earnings accelerating (fwd PE 7.55 vs 11.65) | RSI 17 — oversold, contrarian entry",1-2 years,3,4538.1,264.28,3.3,0.375,0,,47,Base: model score 47/100 from Quality+Growth+Technical+Momentum | PEG 0.97 — growth clearly outpaces price (+8) | D/E 623.156 — elevated leverage risk (-8),skipped,Not fetched (grade below threshold) — quant justification only,No,,,,3,4538.1
MRPL,167.99,47,WATCH,10,15,14,8,0,74.8,54.2,28639.0,9.12,3.19,,120.4,,108.059,2.5,62.0,188.15,152.95527333841184,180.09,196.21,12.0,8.9,12.0,7.2,16.8,8.9,1.3,default,Diversified/Other,fallback,"Fallback (no usable PE/EPS/ROE data) — capped score-based estimate, wide uncertainty band",fetch_failed,,,,,"Target/Target_Low/Target_High are MODEL estimates from 3 internal valuation methods (see Valuation_Methods_Used), NOT real analyst consensus. Check Real_Analyst_Target_* columns for actual street data if ANALYST_API_CONFIG is set, or verify independently otherwise.",PE 9.12x — cheap | Dividend 2.5% — paid to hold | Revenue growth 120.4% — exceptional | Earnings accelerating (fwd PE 3.19 vs 9.12) | Above 50 & 200 DMA — uptrend | RSI 62 — slightly elevated,1-2 years,30,5039.7,451.04,3.7,0.375,0,,39,Base: model score 47/100 from Quality+Growth+Technical+Momentum | D/E 108.059 — elevated leverage risk (-8),skipped,Not fetched (grade below threshold) — quant justification only,No,,,,30,5039.7
CRAFTSMAN,9788.0,47,WATCH,5,27,11,4,0,92.4,54.2,25927.0,57.81,31.02,12.55,27.3,74.4,111.011,12.0,65.1,10864.68,9221.250822577329,10277.4,11745.6,11.0,5.8,11.0,5.0,20.0,5.8,1.9,default,Diversified/Other,"pe_anchored, peg_1.0_fair_value",pe_anchored: +20.0% | peg_1.0_fair_value: +2.0%,fetch_failed,,,,,"Target/Target_Low/Target_High are MODEL estimates from 3 internal valuation methods (see Valuation_Methods_Used), NOT real analyst consensus. Check Real_Analyst_Target_* columns for actual street data if ANALYST_API_CONFIG is set, or verify independently otherwise.",Dividend 12.0% — paid to hold | EPS growth 74.4% — explosive | Revenue growth 27.3% | Earnings accelerating (fwd PE 31.02 vs 57.81) | Above 50 & 200 DMA — uptrend | RSI 65 — slightly elevated,1-2 years,0,0.0,0.0,0.0,0.375,0,,47,Base: model score 47/100 from Quality+Growth+Technical+Momentum | PEG 0.78 — growth clearly outpaces price (+8) | D/E 111.011 — elevated leverage risk (-8),skipped,Not fetched (grade below threshold) — quant justification only,No,,,,0,0.0
NETWEB,4265.0,47,WATCH,5,30,8,4,0,99.3,54.2,24849.0,95.45,58.56,,172.1,178.4,39.019,7.0,47.9,4734.15,3902.1403460881443,4478.25,5118.0,11.0,8.5,11.0,5.0,20.0,8.5,1.3,default,Diversified/Other,"pe_anchored, peg_1.0_fair_value",pe_anchored: +20.0% | peg_1.0_fair_value: +2.0%,fetch_failed,,,,,"Target/Target_Low/Target_High are MODEL estimates from 3 internal valuation methods (see Valuation_Methods_Used), NOT real analyst consensus. Check Real_Analyst_Target_* columns for actual street data if ANALYST_API_CONFIG is set, or verify independently otherwise.",Dividend 7.0% — paid to hold | EPS growth 178.4% — explosive | Revenue growth 172.1% — exceptional | Earnings accelerating (fwd PE 58.56 vs 95.45) | RSI 48 — ideal 1Y entry zone | 1M return -4% — stable base,1-2 years,1,4265.0,362.86,3.1,0.375,0,,47,Base: model score 47/100 from Quality+Growth+Technical+Momentum | PEG 0.54 — growth clearly outpaces price (+8) | D/E 39.019 — elevated leverage risk (-8),skipped,Not fetched (grade below threshold) — quant justification only,No,,,,1,4265.0
BEL,383.4,46,WATCH,8,12,11,11,0,46.9,50.0,283290.0,46.3,34.2,,24.9,8.3,0.273,1.12,15.8,425.57,367.69816953060746,402.57,460.08,11.0,4.1,11.0,5.0,20.0,4.1,2.7,psu_other,Defense,"pe_anchored, peg_1.0_fair_value",pe_anchored: +20.0% | peg_1.0_fair_value: +2.0%,fetch_failed,,,,,"Target/Target_Low/Target_High are MODEL estimates from 3 internal valuation methods (see Valuation_Methods_Used), NOT real analyst consensus. Check Real_Analyst_Target_* columns for actual street data if ANALYST_API_CONFIG is set, or verify independently otherwise.","D/E 0.273 — fortress balance sheet | Revenue growth 24.9% | Earnings accelerating (fwd PE 34.2 vs 46.3) | RSI 16 — oversold, contrarian entry | Near 52W low (21%) — good entry | 6M return -13% — healthy",1-2 years,13,4984.2,204.12,3.7,0.375,4,Top-3 RS in Defense,36,Base: model score 46/100 from Quality+Growth+Technical+Momentum | PEG 5.58 — expensive vs growth rate (-10),skipped,Not fetched (grade below threshold) — quant justification only,No,,,,13,4984.2
INDUSTOWER,391.95,46,WATCH,5,0,11,12,10,47.9,100.0,101836.0,14.23,12.63,,4.6,0.6,53.289,,45.3,435.06,371.19344512499345,411.55,470.34,11.0,5.3,11.0,5.0,20.0,5.3,2.1,default,Telecom,"pe_anchored, peg_1.0_fair_value",pe_anchored: +20.0% | peg_1.0_fair_value: +2.0%,fetch_failed,,,,,"Target/Target_Low/Target_High are MODEL estimates from 3 internal valuation methods (see Valuation_Methods_Used), NOT real analyst consensus. Check Real_Analyst_Target_* columns for actual street data if ANALYST_API_CONFIG is set, or verify independently otherwise.","PE 14.23x — cheap | RSI 45 — ideal 1Y entry zone | Mid 52W range (47%) | 6M return -8% — healthy | 1M return 1% — stable base | Sector RS bonus (+10, sector percentile 100.0)",1-2 years,12,4703.4,249.08,3.5,0.375,8,"Largest market cap in Telecom, Top-3 RS in Telecom",28,Base: model score 46/100 from Quality+Growth+Technical+Momentum | PEG 23.72 — expensive vs growth rate (-10) | D/E 53.289 — elevated leverage risk (-8),skipped,Not fetched (grade below threshold) — quant justification only,No,,,,12,4703.4
GRSE,2589.9,46,WATCH,10,19,3,11,-5,54.9,16.7,30083.0,43.48,31.26,31.79,29.1,24.2,1.424,1.02,40.7,2874.79,2448.308029198938,2719.39,3107.88,11.0,5.5,11.0,5.0,20.0,5.5,2.0,default,Logistics & Infra,"pe_anchored, peg_1.0_fair_value",pe_anchored: +20.0% | peg_1.0_fair_value: +2.0%,fetch_failed,,,,,"Target/Target_Low/Target_High are MODEL estimates from 3 internal valuation methods (see Valuation_Methods_Used), NOT real analyst consensus. Check Real_Analyst_Target_* columns for actual street data if ANALYST_API_CONFIG is set, or verify independently otherwise.",ROE 31.79% — excellent | EPS growth 24.2% | Revenue growth 29.1% | Earnings accelerating (fwd PE 31.26 vs 43.48) | Mid 52W range (46%) | 6M return 0% — healthy,1-2 years,1,2589.9,141.59,1.9,0.375,8,"Top-3 RS in Logistics & Infra, Highest ROE in Logistics & Infra",46,Base: model score 46/100 from Quality+Growth+Technical+Momentum,skipped,Not fetched (grade below threshold) — quant justification only,No,,,,1,2589.9
HINDPETRO,391.9,46,WATCH,5,12,14,15,0,43.4,33.3,83570.0,50.1,7.05,,26.9,,85.369,6.06,48.0,438.93,370.0532368332493,420.12,457.74,12.0,5.6,12.0,7.2,16.8,5.6,2.1,default,Energy/PSU,fallback,"Fallback (no usable PE/EPS/ROE data) — capped score-based estimate, wide uncertainty band",fetch_failed,,,,,"Target/Target_Low/Target_High are MODEL estimates from 3 internal valuation methods (see Valuation_Methods_Used), NOT real analyst consensus. Check Real_Analyst_Target_* columns for actual street data if ANALYST_API_CONFIG is set, or verify independently otherwise.",Dividend 6.06% — paid to hold | Revenue growth 26.9% | Earnings accelerating (fwd PE 7.05 vs 50.1) | RSI 48 — ideal 1Y entry zone | Near 52W low (39%) — good entry | 6M return -9% — healthy,1-2 years,12,4702.8,262.16,3.5,0.375,0,,38,Base: model score 46/100 from Quality+Growth+Technical+Momentum | D/E 85.369 — elevated leverage risk (-8),skipped,Not fetched (grade below threshold) — quant justification only,No,,,,12,4702.8
HEXT,578.3,46,WATCH,15,9,10,12,0,10.4,54.2,37683.0,27.36,22.2,22.27,12.6,7.9,10.521,2.4,62.4,641.91,530.8803321193482,607.21,693.96,11.0,8.2,11.0,5.0,20.0,8.2,1.3,default,Diversified/Other,"pe_anchored, peg_1.0_fair_value",pe_anchored: +20.0% | peg_1.0_fair_value: +2.0%,fetch_failed,,,,,"Target/Target_Low/Target_High are MODEL estimates from 3 internal valuation methods (see Valuation_Methods_Used), NOT real analyst consensus. Check Real_Analyst_Target_* columns for actual street data if ANALYST_API_CONFIG is set, or verify independently otherwise.",ROE 22.27% — excellent | Dividend 2.4% — paid to hold | Revenue growth 12.6% | Earnings accelerating (fwd PE 22.2 vs 27.36) | Above 50 DMA | RSI 62 — slightly elevated,1-2 years,8,4626.4,379.36,3.4,0.375,0,,38,Base: model score 46/100 from Quality+Growth+Technical+Momentum | D/E 10.521 — elevated leverage risk (-8),skipped,Not fetched (grade below threshold) — quant justification only,No,,,,8,4626.4
GLAXO,2633.6,46,WATCH,15,5,14,12,0,27.3,54.2,44493.0,43.0,34.34,49.11,2.1,5.7,1.467,2.17,71.4,2923.3,2510.285193331534,2765.28,3160.32,11.0,4.7,11.0,5.0,20.0,4.7,2.3,default,Diversified/Other,"pe_anchored, peg_1.0_fair_value",pe_anchored: +20.0% | peg_1.0_fair_value: +2.0%,fetch_failed,,,,,"Target/Target_Low/Target_High are MODEL estimates from 3 internal valuation methods (see Valuation_Methods_Used), NOT real analyst consensus. Check Real_Analyst_Target_* columns for actual street data if ANALYST_API_CONFIG is set, or verify independently otherwise.",ROE 49.11% — excellent | Dividend 2.17% — paid to hold | Earnings accelerating (fwd PE 34.34 vs 43.0) | Above 50 & 200 DMA — uptrend | RSI 71 — slightly elevated | Mid 52W range (52%),1-2 years,1,2633.6,123.31,1.9,0.375,0,,36,Base: model score 46/100 from Quality+Growth+Technical+Momentum | PEG 7.54 — expensive vs growth rate (-10),skipped,Not fetched (grade below threshold) — quant justification only,No,,,,1,2633.6
KIRLOSENG,2125.6,46,WATCH,11,19,13,3,0,99.1,54.2,31733.0,55.89,36.78,16.82,20.7,21.2,154.864,32.0,29.9,2359.42,1915.314926694275,2231.88,2550.72,11.0,9.9,11.0,5.0,20.0,9.9,1.1,default,Diversified/Other,"pe_anchored, peg_1.0_fair_value",pe_anchored: +20.0% | peg_1.0_fair_value: +2.0%,fetch_failed,,,,,"Target/Target_Low/Target_High are MODEL estimates from 3 internal valuation methods (see Valuation_Methods_Used), NOT real analyst consensus. Check Real_Analyst_Target_* columns for actual street data if ANALYST_API_CONFIG is set, or verify independently otherwise.",ROE 16.82% — good | Dividend 32.0% — paid to hold | EPS growth 21.2% | Revenue growth 20.7% | Earnings accelerating (fwd PE 36.78 vs 55.89) | Above 50 & 200 DMA — uptrend,1-2 years,2,4251.2,420.57,3.1,0.375,0,,38,Base: model score 46/100 from Quality+Growth+Technical+Momentum | D/E 154.864 — elevated leverage risk (-8),skipped,Not fetched (grade below threshold) — quant justification only,No,,,,2,4251.2
RRKABEL,2575.2,46,WATCH,5,30,11,0,0,97.4,54.2,28943.0,47.74,32.61,,53.9,128.5,13.092,43.0,71.2,2858.47,2361.601741230161,2703.96,3090.24,11.0,8.3,11.0,5.0,20.0,8.3,1.3,default,Diversified/Other,"pe_anchored, peg_1.0_fair_value",pe_anchored: +20.0% | peg_1.0_fair_value: +2.0%,fetch_failed,,,,,"Target/Target_Low/Target_High are MODEL estimates from 3 internal valuation methods (see Valuation_Methods_Used), NOT real analyst consensus. Check Real_Analyst_Target_* columns for actual street data if ANALYST_API_CONFIG is set, or verify independently otherwise.",Dividend 43.0% — paid to hold | EPS growth 128.5% — explosive | Revenue growth 53.9% — exceptional | Earnings accelerating (fwd PE 32.61 vs 47.74) | Above 50 & 200 DMA — uptrend | RSI 71 — slightly elevated,1-2 years,1,2575.2,213.6,1.9,0.375,0,,46,Base: model score 46/100 from Quality+Growth+Technical+Momentum | PEG 0.37 — growth clearly outpaces price (+8) | D/E 13.092 — elevated leverage risk (-8),skipped,Not fetched (grade below threshold) — quant justification only,No,,,,1,2575.2
NLCINDIA,296.25,45,WATCH,16,0,8,11,10,80.3,95.8,41169.0,11.78,11.0,15.97,-0.3,-12.7,82.0,2.41,28.4,331.8,277.8664001066472,317.58,346.02,12.0,6.2,12.0,7.2,16.8,6.2,1.9,default,Metals & Mining,fallback,"Fallback (no usable PE/EPS/ROE data) — capped score-based estimate, wide uncertainty band",fetch_failed,,,,,"Target/Target_Low/Target_High are MODEL estimates from 3 internal valuation methods (see Valuation_Methods_Used), NOT real analyst consensus. Check Real_Analyst_Target_* columns for actual street data if ANALYST_API_CONFIG is set, or verify independently otherwise.","ROE 15.97% — good | PE 11.78x — cheap | Dividend 2.41% — paid to hold | RSI 28 — oversold, contrarian entry | Mid 52W range (46%) | 6M return 12% — healthy",1-2 years,16,4740.0,294.14,3.5,0.375,0,,37,Base: model score 45/100 from Quality+Growth+Technical+Momentum | D/E 82.0 — elevated leverage risk (-8),skipped,Not fetched (grade below threshold) — quant justification only,No,,,,16,4740.0
BAJAJ-AUTO,11479.5,45,WATCH,7,21,8,0,5,88.5,83.3,311316.0,27.03,24.01,,64.0,45.8,56.352,1.32,77.9,12742.24,11012.166183601248,12053.48,13775.4,11.0,4.1,11.0,5.0,20.0,4.1,2.7,default,Auto & Ancillaries,"pe_anchored, peg_1.0_fair_value",pe_anchored: +20.0% | peg_1.0_fair_value: +2.0%,fetch_failed,,,,,"Target/Target_Low/Target_High are MODEL estimates from 3 internal valuation methods (see Valuation_Methods_Used), NOT real analyst consensus. Check Real_Analyst_Target_* columns for actual street data if ANALYST_API_CONFIG is set, or verify independently otherwise.","PEG ~0.59 — undervalued vs growth | EPS growth 45.8% — strong | Revenue growth 64.0% — exceptional | Above 50 & 200 DMA — uptrend | Sector RS bonus (+5, sector percentile 83.3)",1-2 years,0,0.0,0.0,0.0,0.375,4,Largest market cap in Auto & Ancillaries,45,Base: model score 45/100 from Quality+Growth+Technical+Momentum | PEG 0.59 — growth clearly outpaces price (+8) | D/E 56.352 — elevated leverage risk (-8),skipped,Not fetched (grade below threshold) — quant justification only,No,,,,0,0.0
AAVAS,1379.9,45,WATCH,7,16,11,11,0,14.1,41.7,11000.0,16.11,12.09,,16.9,23.3,310.553,,33.7,1655.88,1292.8950243820684,1655.88,1655.88,20.0,6.3,20.0,20.0,20.0,6.3,3.2,default,Housing Finance/NBFC,"pe_anchored, peg_1.0_fair_value",pe_anchored: +20.0% | peg_1.0_fair_value: +20.0%,fetch_failed,,,,,"Target/Target_Low/Target_High are MODEL estimates from 3 internal valuation methods (see Valuation_Methods_Used), NOT real analyst consensus. Check Real_Analyst_Target_* columns for actual street data if ANALYST_API_CONFIG is set, or verify independently otherwise.","PEG ~0.69 — undervalued vs growth | EPS growth 23.3% | Revenue growth 16.9% | Earnings accelerating (fwd PE 12.09 vs 16.11) | RSI 34 — oversold, contrarian entry | Near 52W low (40%) — good entry",1-2 years,3,4139.7,261.02,3.0,0.375,0,,45,Base: model score 45/100 from Quality+Growth+Technical+Momentum | PEG 0.69 — growth clearly outpaces price (+8) | D/E 310.553 — elevated leverage risk (-8),skipped,Not fetched (grade below threshold) — quant justification only,No,,,,3,4139.7
HFCL,187.98,45,WATCH,5,15,5,6,10,99.6,100.0,29620.0,49.0,37.22,,119.9,,38.321,5.0,32.3,210.54,167.1050901585451,201.51,219.56,12.0,11.1,12.0,7.2,16.8,11.1,1.1,default,Telecom,fallback,"Fallback (no usable PE/EPS/ROE data) — capped score-based estimate, wide uncertainty band",fetch_failed,,,,,"Target/Target_Low/Target_High are MODEL estimates from 3 internal valuation methods (see Valuation_Methods_Used), NOT real analyst consensus. Check Real_Analyst_Target_* columns for actual street data if ANALYST_API_CONFIG is set, or verify independently otherwise.","Dividend 5.0% — paid to hold | Revenue growth 119.9% — exceptional | Earnings accelerating (fwd PE 37.22 vs 49.0) | RSI 32 — oversold, contrarian entry | 1M dip -8% — buying opportunity | Beta 0.82 — stable for 1Y hold",1-2 years,24,4511.52,501.0,3.3,0.375,4,Top-3 RS in Telecom,37,Base: model score 45/100 from Quality+Growth+Technical+Momentum | D/E 38.321 — elevated leverage risk (-8),skipped,Not fetched (grade below threshold) — quant justification only,No,,,,24,4511.52
MAXHEALTH,1118.8,45,WATCH,5,9,19,12,0,29.7,70.8,108166.0,75.09,45.77,14.33,12.2,7.4,32.367,18.0,56.1,1241.87,1065.8776485731041,1174.74,1342.56,11.0,4.7,11.0,5.0,20.0,4.7,2.3,default,Hospitals,"pe_anchored, peg_1.0_fair_value",pe_anchored: +20.0% | peg_1.0_fair_value: +2.0%,fetch_failed,,,,,"Target/Target_Low/Target_High are MODEL estimates from 3 internal valuation methods (see Valuation_Methods_Used), NOT real analyst consensus. Check Real_Analyst_Target_* columns for actual street data if ANALYST_API_CONFIG is set, or verify independently otherwise.",Dividend 18.0% — paid to hold | Revenue growth 12.2% | Earnings accelerating (fwd PE 45.77 vs 75.09) | Above 50 & 200 DMA — uptrend | RSI 56 — ideal 1Y entry zone | Mid 52W range (55%),1-2 years,4,4475.2,211.69,3.3,0.375,0,,27,Base: model score 45/100 from Quality+Growth+Technical+Momentum | PEG 10.15 — expensive vs growth rate (-10) | D/E 32.367 — elevated leverage risk (-8),skipped,Not fetched (grade below threshold) — quant justification only,No,,,,4,4475.2
JBMA,682.45,45,WATCH,11,9,16,4,5,59.9,83.3,15987.0,71.46,34.11,15.99,12.3,-17.1,190.282,13.0,48.9,764.34,642.4352188062181,731.59,797.1,12.0,5.9,12.0,7.2,16.8,5.9,2.0,default,Auto & Ancillaries,fallback,"Fallback (no usable PE/EPS/ROE data) — capped score-based estimate, wide uncertainty band",fetch_failed,,,,,"Target/Target_Low/Target_High are MODEL estimates from 3 internal valuation methods (see Valuation_Methods_Used), NOT real analyst consensus. Check Real_Analyst_Target_* columns for actual street data if ANALYST_API_CONFIG is set, or verify independently otherwise.",ROE 15.99% — good | Dividend 13.0% — paid to hold | Revenue growth 12.3% | Earnings accelerating (fwd PE 34.11 vs 71.46) | Above 50 & 200 DMA — uptrend | RSI 49 — ideal 1Y entry zone,1-2 years,7,4777.15,280.1,3.5,0.375,0,,37,Base: model score 45/100 from Quality+Growth+Technical+Momentum | D/E 190.282 — elevated leverage risk (-8),skipped,Not fetched (grade below threshold) — quant justification only,No,,,,7,4777.15
ULTRACEMCO,11788.0,45,WATCH,5,9,16,12,-5,45.3,4.2,352945.0,41.15,27.76,,15.9,16.8,29.432,2.01,61.0,13084.68,11369.653682336098,12377.4,14145.6,11.0,3.5,11.0,5.0,20.0,3.5,3.1,default,Cement,"pe_anchored, peg_1.0_fair_value",pe_anchored: +20.0% | peg_1.0_fair_value: +2.0%,fetch_failed,,,,,"Target/Target_Low/Target_High are MODEL estimates from 3 internal valuation methods (see Valuation_Methods_Used), NOT real analyst consensus. Check Real_Analyst_Target_* columns for actual street data if ANALYST_API_CONFIG is set, or verify independently otherwise.",Dividend 2.01% — paid to hold | Revenue growth 15.9% | Earnings accelerating (fwd PE 27.76 vs 41.15) | Above 50 & 200 DMA — uptrend | RSI 61 — ideal 1Y entry zone | 6M return -5% — healthy,1-2 years,0,0.0,0.0,0.0,0.375,8,"Largest market cap in Cement, Top-3 RS in Cement",37,Base: model score 45/100 from Quality+Growth+Technical+Momentum | D/E 29.432 — elevated leverage risk (-8),skipped,Not fetched (grade below threshold) — quant justification only,No,,,,0,0.0
TCS,2476.4,45,WATCH,20,4,10,8,-5,24.5,12.5,885201.0,17.42,15.08,47.74,13.9,4.6,10.211,2.71,88.8,2748.8,2352.2909151885815,2600.22,2971.68,11.0,5.0,11.0,5.0,20.0,5.0,2.2,it_services,IT Services,"pe_anchored, peg_1.0_fair_value",pe_anchored: +20.0% | peg_1.0_fair_value: +2.0%,fetch_failed,,,,,"Target/Target_Low/Target_High are MODEL estimates from 3 internal valuation methods (see Valuation_Methods_Used), NOT real analyst consensus. Check Real_Analyst_Target_* columns for actual street data if ANALYST_API_CONFIG is set, or verify independently otherwise.",ROE 47.74% — excellent | PE 17.42x — cheap | Dividend 2.71% — paid to hold | Revenue growth 13.9% | Above 50 DMA | Near 52W low (39%) — good entry,1-2 years,1,2476.4,124.11,1.8,0.375,8,"Largest market cap in IT Services, Highest ROE in IT Services",37,Base: model score 45/100 from Quality+Growth+Technical+Momentum | D/E 10.211 — elevated leverage risk (-8),skipped,Not fetched (grade below threshold) — quant justification only,No,,,,1,2476.4
NTPC,344.1,44,WATCH,10,0,14,12,0,58.8,58.3,333081.0,10.51,12.14,,8.0,-1.6,118.127,3.59,49.4,385.39,331.55999611850774,368.88,401.91,12.0,3.6,12.0,7.2,16.8,3.6,3.3,psu_other,Renewables/Power,fallback,"Fallback (no usable PE/EPS/ROE data) — capped score-based estimate, wide uncertainty band",fetch_failed,,,,,"Target/Target_Low/Target_High are MODEL estimates from 3 internal valuation methods (see Valuation_Methods_Used), NOT real analyst consensus. Check Real_Analyst_Target_* columns for actual street data if ANALYST_API_CONFIG is set, or verify independently otherwise.",PE 10.51x — cheap | Dividend 3.59% — paid to hold | RSI 49 — ideal 1Y entry zone | Near 52W low (31%) — good entry | 6M return -3% — healthy | 1M return -4% — stable base,1-2 years,14,4817.4,175.56,3.5,0.375,8,"Largest market cap in Renewables/Power, Top-3 RS in Renewables/Power",36,Base: model score 44/100 from Quality+Growth+Technical+Momentum | D/E 118.127 — elevated leverage risk (-8),skipped,Not fetched (grade below threshold) — quant justification only,No,,,,14,4817.4
NTPCGREEN,91.79,44,WATCH,0,26,6,12,0,26.7,54.2,77084.0,147.55,31.8,,62.7,38.5,165.281,,43.2,101.89,87.00890051763675,96.38,110.15,11.0,5.2,11.0,5.0,20.0,5.2,2.1,default,Diversified/Other,"pe_anchored, peg_1.0_fair_value",pe_anchored: +20.0% | peg_1.0_fair_value: +2.0%,fetch_failed,,,,,"Target/Target_Low/Target_High are MODEL estimates from 3 internal valuation methods (see Valuation_Methods_Used), NOT real analyst consensus. Check Real_Analyst_Target_* columns for actual street data if ANALYST_API_CONFIG is set, or verify independently otherwise.",EPS growth 38.5% — strong | Revenue growth 62.7% — exceptional | Earnings accelerating (fwd PE 31.8 vs 147.55) | Near 52W low (22%) — good entry | 6M return -1% — healthy | 1M return -5% — stable base,1-2 years,55,5048.45,262.96,3.7,0.375,0,,36,Base: model score 44/100 from Quality+Growth+Technical+Momentum | D/E 165.281 — elevated leverage risk (-8),skipped,Not fetched (grade below threshold) — quant justification only,No,,,,55,5048.45
GRAPHITE,671.45,44,WATCH,0,12,11,11,10,78.3,95.8,13025.0,72.46,12.05,2.92,22.5,,6.295,1.08,70.3,752.02,623.5299563998453,719.79,784.25,12.0,7.1,12.0,7.2,16.8,7.1,1.7,default,Metals & Mining,fallback,"Fallback (no usable PE/EPS/ROE data) — capped score-based estimate, wide uncertainty band",fetch_failed,,,,,"Target/Target_Low/Target_High are MODEL estimates from 3 internal valuation methods (see Valuation_Methods_Used), NOT real analyst consensus. Check Real_Analyst_Target_* columns for actual street data if ANALYST_API_CONFIG is set, or verify independently otherwise.",Revenue growth 22.5% | Earnings accelerating (fwd PE 12.05 vs 72.46) | Above 50 & 200 DMA — uptrend | RSI 70 — slightly elevated | 6M return 2% — healthy | Beta 0.9 — stable for 1Y hold,1-2 years,7,4700.15,335.44,3.5,0.375,0,,36,Base: model score 44/100 from Quality+Growth+Technical+Momentum | D/E 6.295 — elevated leverage risk (-8),skipped,Not fetched (grade below threshold) — quant justification only,No,,,,7,4700.15
GABRIEL,1434.9,44,WATCH,5,23,11,0,5,89.6,83.3,25075.0,79.75,35.29,,29.8,40.6,10.642,36.0,65.5,1592.74,1315.4020201980363,1506.65,1721.88,11.0,8.3,11.0,5.0,20.0,8.3,1.3,default,Auto & Ancillaries,"pe_anchored, peg_1.0_fair_value",pe_anchored: +20.0% | peg_1.0_fair_value: +2.0%,fetch_failed,,,,,"Target/Target_Low/Target_High are MODEL estimates from 3 internal valuation methods (see Valuation_Methods_Used), NOT real analyst consensus. Check Real_Analyst_Target_* columns for actual street data if ANALYST_API_CONFIG is set, or verify independently otherwise.",Dividend 36.0% — paid to hold | EPS growth 40.6% — strong | Revenue growth 29.8% | Earnings accelerating (fwd PE 35.29 vs 79.75) | Above 50 & 200 DMA — uptrend | RSI 65 — slightly elevated,1-2 years,3,4304.7,358.49,3.2,0.375,0,,36,Base: model score 44/100 from Quality+Growth+Technical+Momentum | D/E 10.642 — elevated leverage risk (-8),skipped,Not fetched (grade below threshold) — quant justification only,No,,,,3,4304.7
SBFC,89.45,44,WATCH,7,19,6,12,0,21.9,41.7,9980.0,20.69,14.72,,24.6,28.6,195.685,,43.7,100.36,84.78649255495026,93.92,107.34,12.2,5.2,12.2,5.0,20.0,5.2,2.3,default,Housing Finance/NBFC,"pe_anchored, peg_1.0_fair_value",pe_anchored: +20.0% | peg_1.0_fair_value: +4.4%,fetch_failed,,,,,"Target/Target_Low/Target_High are MODEL estimates from 3 internal valuation methods (see Valuation_Methods_Used), NOT real analyst consensus. Check Real_Analyst_Target_* columns for actual street data if ANALYST_API_CONFIG is set, or verify independently otherwise.",PEG ~0.72 — undervalued vs growth | EPS growth 28.6% | Revenue growth 24.6% | Earnings accelerating (fwd PE 14.72 vs 20.69) | Near 52W low (23%) — good entry | 6M return 1% — healthy,1-2 years,57,5098.65,265.82,3.7,0.375,0,,44,Base: model score 44/100 from Quality+Growth+Technical+Momentum | PEG 0.72 — growth clearly outpaces price (+8) | D/E 195.685 — elevated leverage risk (-8),skipped,Not fetched (grade below threshold) — quant justification only,No,,,,57,5098.65
ANANTRAJ,608.5,44,WATCH,12,16,16,0,0,61.4,54.2,22075.0,38.6,21.01,11.18,19.6,22.0,11.703,16.0,58.2,675.44,568.2922172915924,638.93,730.2,11.0,6.6,11.0,5.0,20.0,6.6,1.7,default,Diversified/Other,"pe_anchored, peg_1.0_fair_value",pe_anchored: +20.0% | peg_1.0_fair_value: +2.0%,fetch_failed,,,,,"Target/Target_Low/Target_High are MODEL estimates from 3 internal valuation methods (see Valuation_Methods_Used), NOT real analyst consensus. Check Real_Analyst_Target_* columns for actual street data if ANALYST_API_CONFIG is set, or verify independently otherwise.",PEG ~1.75 — undervalued vs growth | Dividend 16.0% — paid to hold | EPS growth 22.0% | Revenue growth 19.6% | Earnings accelerating (fwd PE 21.01 vs 38.6) | Above 50 & 200 DMA — uptrend,1-2 years,8,4868.0,321.66,3.6,0.375,0,,36,Base: model score 44/100 from Quality+Growth+Technical+Momentum | D/E 11.703 — elevated leverage risk (-8),skipped,Not fetched (grade below threshold) — quant justification only,No,,,,8,4868.0
COROMANDEL,2030.0,44,WATCH,5,9,18,12,0,24.3,54.2,60007.0,32.85,21.09,,15.9,-24.5,11.469,54.0,52.9,2273.6,1920.8897483572348,2176.16,2371.04,12.0,5.4,12.0,7.2,16.8,5.4,2.2,default,Diversified/Other,fallback,"Fallback (no usable PE/EPS/ROE data) — capped score-based estimate, wide uncertainty band",fetch_failed,,,,,"Target/Target_Low/Target_High are MODEL estimates from 3 internal valuation methods (see Valuation_Methods_Used), NOT real analyst consensus. Check Real_Analyst_Target_* columns for actual street data if ANALYST_API_CONFIG is set, or verify independently otherwise.",Dividend 54.0% — paid to hold | Revenue growth 15.9% | Earnings accelerating (fwd PE 21.09 vs 32.85) | Above 50 DMA | RSI 53 — ideal 1Y entry zone | Near 52W low (32%) — good entry,1-2 years,2,4060.0,218.22,3.0,0.375,0,,36,Base: model score 44/100 from Quality+Growth+Technical+Momentum | D/E 11.469 — elevated leverage risk (-8),skipped,Not fetched (grade below threshold) — quant justification only,No,,,,2,4060.0
NEWGEN,562.45,44,WATCH,7,16,18,8,-5,6.1,12.5,7912.0,25.28,18.85,,11.2,27.8,2.214,1.14,59.8,624.32,506.7033059405982,590.57,674.94,11.0,9.9,11.0,5.0,20.0,9.9,1.1,default,IT Services,"pe_anchored, peg_1.0_fair_value",pe_anchored: +20.0% | peg_1.0_fair_value: +2.0%,fetch_failed,,,,,"Target/Target_Low/Target_High are MODEL estimates from 3 internal valuation methods (see Valuation_Methods_Used), NOT real analyst consensus. Check Real_Analyst_Target_* columns for actual street data if ANALYST_API_CONFIG is set, or verify independently otherwise.",PEG ~0.91 — undervalued vs growth | EPS growth 27.8% | Revenue growth 11.2% | Earnings accelerating (fwd PE 18.85 vs 25.28) | Above 50 DMA | RSI 60 — ideal 1Y entry zone,1-2 years,9,5062.05,501.72,3.7,0.375,0,,44,Base: model score 44/100 from Quality+Growth+Technical+Momentum | PEG 0.91 — growth clearly outpaces price (+8) | D/E 2.214 — elevated leverage risk (-8),skipped,Not fetched (grade below threshold) — quant justification only,No,,,,9,5062.05
THELEELA,468.05,44,WATCH,7,12,13,12,0,55.1,54.2,15751.0,38.01,26.41,8.01,8.2,21.9,28.065,,21.4,519.54,436.5972241132449,491.45,561.66,11.0,6.7,11.0,5.0,20.0,6.7,1.6,default,Diversified/Other,"pe_anchored, peg_1.0_fair_value",pe_anchored: +20.0% | peg_1.0_fair_value: +2.0%,fetch_failed,,,,,"Target/Target_Low/Target_High are MODEL estimates from 3 internal valuation methods (see Valuation_Methods_Used), NOT real analyst consensus. Check Real_Analyst_Target_* columns for actual street data if ANALYST_API_CONFIG is set, or verify independently otherwise.","PEG ~1.74 — undervalued vs growth | EPS growth 21.9% | Earnings accelerating (fwd PE 26.41 vs 38.01) | Above 50 & 200 DMA — uptrend | RSI 21 — oversold, contrarian entry | 6M return 14% — healthy",1-2 years,10,4680.5,314.53,3.4,0.375,0,,36,Base: model score 44/100 from Quality+Growth+Technical+Momentum | D/E 28.065 — elevated leverage risk (-8),skipped,Not fetched (grade below threshold) — quant justification only,No,,,,10,4680.5
EICHERMOT,7822.0,44,WATCH,10,9,8,8,5,90.0,83.3,213532.0,38.78,29.34,23.77,16.6,11.6,2.048,1.05,73.9,8682.42,7499.824733862883,8213.1,9386.4,11.0,4.1,11.0,5.0,20.0,4.1,2.7,default,Auto & Ancillaries,"pe_anchored, peg_1.0_fair_value",pe_anchored: +20.0% | peg_1.0_fair_value: +2.0%,fetch_failed,,,,,"Target/Target_Low/Target_High are MODEL estimates from 3 internal valuation methods (see Valuation_Methods_Used), NOT real analyst consensus. Check Real_Analyst_Target_* columns for actual street data if ANALYST_API_CONFIG is set, or verify independently otherwise.","ROE 23.77% — excellent | Revenue growth 16.6% | Earnings accelerating (fwd PE 29.34 vs 38.78) | Above 50 & 200 DMA — uptrend | 6M return 11% — healthy | Sector RS bonus (+5, sector percentile 83.3)",1-2 years,0,0.0,0.0,0.0,0.375,4,Top-3 RS in Auto & Ancillaries,36,Base: model score 44/100 from Quality+Growth+Technical+Momentum | D/E 2.048 — elevated leverage risk (-8),skipped,Not fetched (grade below threshold) — quant justification only,No,,,,0,0.0
POWERINDIA,31210.0,44,WATCH,11,30,0,3,0,93.7,54.2,141183.0,143.31,66.11,21.04,46.2,71.8,1.663,3.0,40.5,34643.1,28811.438330844092,32770.5,37452.0,11.0,7.7,11.0,5.0,20.0,7.7,1.4,default,Diversified/Other,"pe_anchored, peg_1.0_fair_value",pe_anchored: +20.0% | peg_1.0_fair_value: +2.0%,fetch_failed,,,,,"Target/Target_Low/Target_High are MODEL estimates from 3 internal valuation methods (see Valuation_Methods_Used), NOT real analyst consensus. Check Real_Analyst_Target_* columns for actual street data if ANALYST_API_CONFIG is set, or verify independently otherwise.",ROE 21.04% — good | Dividend 3.0% — paid to hold | EPS growth 71.8% — explosive | Revenue growth 46.2% — exceptional | Earnings accelerating (fwd PE 66.11 vs 143.31) | 1M dip -9% — buying opportunity,1-2 years,0,0.0,0.0,0.0,0.375,0,,44,Base: model score 44/100 from Quality+Growth+Technical+Momentum,skipped,Not fetched (grade below threshold) — quant justification only,No,,,,0,0.0
CHOICEIN,799.8,43,WATCH,6,12,13,12,0,56.4,54.2,17824.0,71.25,53.23,16.24,21.8,15.3,49.768,,32.2,887.78,764.0321297533059,839.79,959.76,11.0,4.5,11.0,5.0,20.0,4.5,2.4,default,Diversified/Other,"pe_anchored, peg_1.0_fair_value",pe_anchored: +20.0% | peg_1.0_fair_value: +2.0%,fetch_failed,,,,,"Target/Target_Low/Target_High are MODEL estimates from 3 internal valuation methods (see Valuation_Methods_Used), NOT real analyst consensus. Check Real_Analyst_Target_* columns for actual street data if ANALYST_API_CONFIG is set, or verify independently otherwise.","ROE 16.24% — good | Revenue growth 21.8% | Earnings accelerating (fwd PE 53.23 vs 71.25) | Above 50 & 200 DMA — uptrend | RSI 32 — oversold, contrarian entry | 6M return 7% — healthy",1-2 years,6,4798.8,214.61,3.5,0.375,0,,25,Base: model score 43/100 from Quality+Growth+Technical+Momentum | PEG 4.66 — expensive vs growth rate (-10) | D/E 49.768 — elevated leverage risk (-8),skipped,Not fetched (grade below threshold) — quant justification only,No,,,,6,4798.8
FIVESTAR,556.35,43,WATCH,10,5,16,12,0,20.2,41.7,16783.0,15.21,11.51,,8.0,1.8,111.929,36.0,54.1,617.55,516.8661089962715,584.17,667.62,11.0,7.1,11.0,5.0,20.0,7.1,1.5,default,Housing Finance/NBFC,"pe_anchored, peg_1.0_fair_value",pe_anchored: +20.0% | peg_1.0_fair_value: +2.0%,fetch_failed,,,,,"Target/Target_Low/Target_High are MODEL estimates from 3 internal valuation methods (see Valuation_Methods_Used), NOT real analyst consensus. Check Real_Analyst_Target_* columns for actual street data if ANALYST_API_CONFIG is set, or verify independently otherwise.",PE 15.21x — cheap | Dividend 36.0% — paid to hold | Earnings accelerating (fwd PE 11.51 vs 15.21) | Above 50 & 200 DMA — uptrend | RSI 54 — ideal 1Y entry zone | 6M return 11% — healthy,1-2 years,9,5007.15,355.35,3.7,0.375,0,,25,Base: model score 43/100 from Quality+Growth+Technical+Momentum | PEG 8.45 — expensive vs growth rate (-10) | D/E 111.929 — elevated leverage risk (-8),skipped,Not fetched (grade below threshold) — quant justification only,No,,,,9,5007.15
ENRIN,3099.0,43,WATCH,5,27,8,3,0,51.6,54.2,112915.0,86.21,57.95,,27.4,52.2,4.483,13.0,19.9,3439.89,2855.6782276394233,3253.95,3718.8,11.0,7.9,11.0,5.0,20.0,7.9,1.4,default,Diversified/Other,"pe_anchored, peg_1.0_fair_value",pe_anchored: +20.0% | peg_1.0_fair_value: +2.0%,fetch_failed,,,,,"Target/Target_Low/Target_High are MODEL estimates from 3 internal valuation methods (see Valuation_Methods_Used), NOT real analyst consensus. Check Real_Analyst_Target_* columns for actual street data if ANALYST_API_CONFIG is set, or verify independently otherwise.","Dividend 13.0% — paid to hold | EPS growth 52.2% — explosive | Revenue growth 27.4% | Earnings accelerating (fwd PE 57.95 vs 86.21) | RSI 20 — oversold, contrarian entry | Mid 52W range (53%)",1-2 years,1,3099.0,243.32,2.3,0.375,0,,35,Base: model score 43/100 from Quality+Growth+Technical+Momentum | D/E 4.483 — elevated leverage risk (-8),skipped,Not fetched (grade below threshold) — quant justification only,No,,,,1,3099.0
ACUTAAS,3221.4,43,WATCH,5,30,5,3,0,99.8,54.2,27068.0,94.57,46.5,,59.1,67.1,2.081,5.0,39.0,3575.75,2927.931014779259,3382.47,3865.68,11.0,9.1,11.0,5.0,20.0,9.1,1.2,default,Diversified/Other,"pe_anchored, peg_1.0_fair_value",pe_anchored: +20.0% | peg_1.0_fair_value: +2.0%,fetch_failed,,,,,"Target/Target_Low/Target_High are MODEL estimates from 3 internal valuation methods (see Valuation_Methods_Used), NOT real analyst consensus. Check Real_Analyst_Target_* columns for actual street data if ANALYST_API_CONFIG is set, or verify independently otherwise.","Dividend 5.0% — paid to hold | EPS growth 67.1% — explosive | Revenue growth 59.1% — exceptional | Earnings accelerating (fwd PE 46.5 vs 94.57) | RSI 39 — oversold, contrarian entry | 1M dip -10% — buying opportunity",1-2 years,1,3221.4,293.47,2.4,0.375,0,,35,Base: model score 43/100 from Quality+Growth+Technical+Momentum | D/E 2.081 — elevated leverage risk (-8),skipped,Not fetched (grade below threshold) — quant justification only,No,,,,1,3221.4
TECHM,1671.9,43,WATCH,12,16,8,8,-5,71.1,12.5,145651.0,28.4,18.93,,17.7,28.3,7.269,3.12,87.5,1855.81,1582.3723239498618,1755.5,2006.28,11.0,5.4,11.0,5.0,20.0,5.4,2.0,it_services,IT Services,"pe_anchored, peg_1.0_fair_value",pe_anchored: +20.0% | peg_1.0_fair_value: +2.0%,fetch_failed,,,,,"Target/Target_Low/Target_High are MODEL estimates from 3 internal valuation methods (see Valuation_Methods_Used), NOT real analyst consensus. Check Real_Analyst_Target_* columns for actual street data if ANALYST_API_CONFIG is set, or verify independently otherwise.",PEG ~1.0 — undervalued vs growth | Dividend 3.12% — paid to hold | EPS growth 28.3% | Revenue growth 17.7% | Earnings accelerating (fwd PE 18.93 vs 28.4) | Above 50 & 200 DMA — uptrend,1-2 years,3,5015.7,268.58,3.7,0.375,4,Top-3 RS in IT Services,35,Base: model score 43/100 from Quality+Growth+Technical+Momentum | D/E 7.269 — elevated leverage risk (-8),skipped,Not fetched (grade below threshold) — quant justification only,No,,,,3,5015.7
HEG,674.05,43,WATCH,5,9,8,11,10,82.4,95.8,12981.0,34.83,22.32,,10.4,16.8,16.73,52.0,83.0,748.2,625.0136815209994,707.75,808.86,11.0,7.3,11.0,5.0,20.0,7.3,1.5,default,Metals & Mining,"pe_anchored, peg_1.0_fair_value",pe_anchored: +20.0% | peg_1.0_fair_value: +2.0%,fetch_failed,,,,,"Target/Target_Low/Target_High are MODEL estimates from 3 internal valuation methods (see Valuation_Methods_Used), NOT real analyst consensus. Check Real_Analyst_Target_* columns for actual street data if ANALYST_API_CONFIG is set, or verify independently otherwise.",Dividend 52.0% — paid to hold | Revenue growth 10.4% | Earnings accelerating (fwd PE 22.32 vs 34.83) | Above 50 & 200 DMA — uptrend | 6M return 19% — healthy | Beta 0.7 — stable for 1Y hold,1-2 years,7,4718.35,343.25,3.5,0.375,0,,35,Base: model score 43/100 from Quality+Growth+Technical+Momentum | D/E 16.73 — elevated leverage risk (-8),skipped,Not fetched (grade below threshold) — quant justification only,No,,,,7,4718.35
COALINDIA,413.2,43,WATCH,10,10,8,11,0,70.1,33.3,252703.0,8.11,7.21,,45.1,1.2,11.629,5.12,26.1,458.65,397.0435742876235,433.86,495.84,11.0,3.9,11.0,5.0,20.0,3.9,2.8,psu_other,Energy/PSU,"pe_anchored, peg_1.0_fair_value",pe_anchored: +20.0% | peg_1.0_fair_value: +2.0%,fetch_failed,,,,,"Target/Target_Low/Target_High are MODEL estimates from 3 internal valuation methods (see Valuation_Methods_Used), NOT real analyst consensus. Check Real_Analyst_Target_* columns for actual street data if ANALYST_API_CONFIG is set, or verify independently otherwise.","PE 8.11x — cheap | Dividend 5.12% — paid to hold | Revenue growth 45.1% — exceptional | RSI 26 — oversold, contrarian entry | Mid 52W range (46%) | 6M return -8% — healthy",1-2 years,12,4958.4,193.88,3.6,0.375,4,Top-3 RS in Energy/PSU,25,Base: model score 43/100 from Quality+Growth+Technical+Momentum | PEG 6.76 — expensive vs growth rate (-10) | D/E 11.629 — elevated leverage risk (-8),skipped,Not fetched (grade below threshold) — quant justification only,No,,,,12,4958.4
ASTRAL,1488.7,43,WATCH,5,19,7,8,0,58.1,45.8,39661.0,73.78,44.18,13.8,24.2,18.9,6.168,25.0,88.7,1652.46,1413.4249809961734,1563.13,1786.44,11.0,5.1,11.0,5.0,20.0,5.1,2.2,default,Chemicals & Paints,"pe_anchored, peg_1.0_fair_value",pe_anchored: +20.0% | peg_1.0_fair_value: +2.0%,fetch_failed,,,,,"Target/Target_Low/Target_High are MODEL estimates from 3 internal valuation methods (see Valuation_Methods_Used), NOT real analyst consensus. Check Real_Analyst_Target_* columns for actual street data if ANALYST_API_CONFIG is set, or verify independently otherwise.",Dividend 25.0% — paid to hold | EPS growth 18.9% | Revenue growth 24.2% | Earnings accelerating (fwd PE 44.18 vs 73.78) | Above 50 DMA | Mid 52W range (45%),1-2 years,3,4466.1,225.82,3.3,0.375,4,Top-3 RS in Chemicals & Paints,35,Base: model score 43/100 from Quality+Growth+Technical+Momentum | D/E 6.168 — elevated leverage risk (-8),skipped,Not fetched (grade below threshold) — quant justification only,No,,,,3,4466.1
HAVELLS,1234.8,43,WATCH,5,9,13,12,0,21.7,75.0,77629.0,47.56,37.81,,19.5,-16.6,2.801,98.0,65.4,1382.98,1178.8954613556134,1323.71,1442.25,12.0,4.5,12.0,7.2,16.8,4.5,2.7,default,Capital Goods,fallback,"Fallback (no usable PE/EPS/ROE data) — capped score-based estimate, wide uncertainty band",fetch_failed,,,,,"Target/Target_Low/Target_High are MODEL estimates from 3 internal valuation methods (see Valuation_Methods_Used), NOT real analyst consensus. Check Real_Analyst_Target_* columns for actual street data if ANALYST_API_CONFIG is set, or verify independently otherwise.",Dividend 98.0% — paid to hold | Revenue growth 19.5% | Earnings accelerating (fwd PE 37.81 vs 47.56) | Above 50 DMA | RSI 65 — slightly elevated | Near 52W low (23%) — good entry,1-2 years,4,4939.2,223.62,3.6,0.375,4,Top-3 RS in Capital Goods,35,Base: model score 43/100 from Quality+Growth+Technical+Momentum | D/E 2.801 — elevated leverage risk (-8),skipped,Not fetched (grade below threshold) — quant justification only,No,,,,4,4939.2
SUZLON,46.43,43,WATCH,10,7,11,11,0,15.2,58.3,65215.0,21.0,22.16,39.37,22.5,-8.3,2.807,,17.8,52.0,43.21549871643759,49.77,54.23,12.0,6.9,12.0,7.2,16.8,6.9,1.7,default,Renewables/Power,fallback,"Fallback (no usable PE/EPS/ROE data) — capped score-based estimate, wide uncertainty band",fetch_failed,,,,,"Target/Target_Low/Target_High are MODEL estimates from 3 internal valuation methods (see Valuation_Methods_Used), NOT real analyst consensus. Check Real_Analyst_Target_* columns for actual street data if ANALYST_API_CONFIG is set, or verify independently otherwise.","ROE 39.37% — excellent | Revenue growth 22.5% | RSI 18 — oversold, contrarian entry | Near 52W low (29%) — good entry | 6M return -2% — healthy | 1M dip -19% — buying opportunity",1-2 years,109,5060.87,350.38,3.7,0.375,4,Highest ROE in Renewables/Power,35,Base: model score 43/100 from Quality+Growth+Technical+Momentum | D/E 2.807 — elevated leverage risk (-8),skipped,Not fetched (grade below threshold) — quant justification only,No,,,,109,5060.87
IDFCFIRSTB,83.95,43,WATCH,5,5,16,12,5,71.4,87.5,73261.0,33.08,12.78,,-1.1,-23.2,,29.0,61.2,94.02,79.97672807454641,89.99,98.05,12.0,4.7,12.0,7.2,16.8,4.7,2.6,private_bank,Banking,fallback,"Fallback (no usable PE/EPS/ROE data) — capped score-based estimate, wide uncertainty band",fetch_failed,,,,,"Target/Target_Low/Target_High are MODEL estimates from 3 internal valuation methods (see Valuation_Methods_Used), NOT real analyst consensus. Check Real_Analyst_Target_* columns for actual street data if ANALYST_API_CONFIG is set, or verify independently otherwise.",Dividend 29.0% — paid to hold | Earnings accelerating (fwd PE 12.78 vs 33.08) | Above 50 & 200 DMA — uptrend | RSI 61 — ideal 1Y entry zone | 6M return 1% — healthy | 1M return 6% — stable base,1-2 years,60,5037.0,238.4,3.7,0.375,0,,43,Base: model score 43/100 from Quality+Growth+Technical+Momentum,skipped,Not fetched (grade below threshold) — quant justification only,No,,,,60,5037.0
TECHNOE,977.2,42,WATCH,5,12,11,14,0,8.2,54.2,11500.0,25.71,16.72,11.36,23.8,-14.9,1.744,91.0,22.5,1094.46,920.2153098842366,1047.56,1141.37,12.0,5.8,12.0,7.2,16.8,5.8,2.1,default,Diversified/Other,fallback,"Fallback (no usable PE/EPS/ROE data) — capped score-based estimate, wide uncertainty band",fetch_failed,,,,,"Target/Target_Low/Target_High are MODEL estimates from 3 internal valuation methods (see Valuation_Methods_Used), NOT real analyst consensus. Check Real_Analyst_Target_* columns for actual street data if ANALYST_API_CONFIG is set, or verify independently otherwise.","Dividend 91.0% — paid to hold | Revenue growth 23.8% | Earnings accelerating (fwd PE 16.72 vs 25.71) | RSI 22 — oversold, contrarian entry | Near 52W low (15%) — good entry | 6M return 4% — healthy",1-2 years,4,3908.8,227.94,2.9,0.375,0,,42,Base: model score 42/100 from Quality+Growth+Technical+Momentum,skipped,Not fetched (grade below threshold) — quant justification only,No,,,,4,3908.8
TATAELXSI,3679.1,42,WATCH,5,16,14,12,-5,3.5,12.5,22885.0,34.13,25.55,,14.5,18.1,5.336,2.09,49.4,4083.8,3469.2655524631573,3863.06,4414.92,11.0,5.7,11.0,5.0,20.0,5.7,1.9,default,IT Services,"pe_anchored, peg_1.0_fair_value",pe_anchored: +20.0% | peg_1.0_fair_value: +2.0%,fetch_failed,,,,,"Target/Target_Low/Target_High are MODEL estimates from 3 internal valuation methods (see Valuation_Methods_Used), NOT real analyst consensus. Check Real_Analyst_Target_* columns for actual street data if ANALYST_API_CONFIG is set, or verify independently otherwise.",Dividend 2.09% — paid to hold | EPS growth 18.1% | Revenue growth 14.5% | Earnings accelerating (fwd PE 25.55 vs 34.13) | RSI 49 — ideal 1Y entry zone | Near 52W low (12%) — good entry,1-2 years,1,3679.1,209.83,2.7,0.375,0,,34,Base: model score 42/100 from Quality+Growth+Technical+Momentum | D/E 5.336 — elevated leverage risk (-8),skipped,Not fetched (grade below threshold) — quant justification only,No,,,,1,3679.1
SJVN,68.65,42,WATCH,5,15,11,11,0,12.6,58.3,27123.0,41.58,14.37,4.51,196.7,,226.528,2.16,31.3,76.89,65.9749184925661,73.59,80.18,12.0,3.9,12.0,7.2,16.8,3.9,3.1,default,Renewables/Power,fallback,"Fallback (no usable PE/EPS/ROE data) — capped score-based estimate, wide uncertainty band",fetch_failed,,,,,"Target/Target_Low/Target_High are MODEL estimates from 3 internal valuation methods (see Valuation_Methods_Used), NOT real analyst consensus. Check Real_Analyst_Target_* columns for actual street data if ANALYST_API_CONFIG is set, or verify independently otherwise.","Dividend 2.16% — paid to hold | Revenue growth 196.7% — exceptional | Earnings accelerating (fwd PE 14.37 vs 41.58) | RSI 31 — oversold, contrarian entry | Near 52W low (15%) — good entry | 6M return -4% — healthy",1-2 years,74,5080.1,197.96,3.7,0.375,0,,34,Base: model score 42/100 from Quality+Growth+Technical+Momentum | D/E 226.528 — elevated leverage risk (-8),skipped,Not fetched (grade below threshold) — quant justification only,No,,,,74,5080.1
SBICARD,660.0,42,WATCH,5,19,10,8,0,13.4,66.7,62856.0,27.64,18.56,,23.4,19.5,280.206,38.0,74.9,732.6,625.8005244987351,693.0,792.0,11.0,5.2,11.0,5.0,20.0,5.2,2.1,default,Diversified Financials,"pe_anchored, peg_1.0_fair_value",pe_anchored: +20.0% | peg_1.0_fair_value: +2.0%,fetch_failed,,,,,"Target/Target_Low/Target_High are MODEL estimates from 3 internal valuation methods (see Valuation_Methods_Used), NOT real analyst consensus. Check Real_Analyst_Target_* columns for actual street data if ANALYST_API_CONFIG is set, or verify independently otherwise.",Dividend 38.0% — paid to hold | EPS growth 19.5% | Revenue growth 23.4% | Earnings accelerating (fwd PE 18.56 vs 27.64) | Above 50 DMA | Near 52W low (24%) — good entry,1-2 years,7,4620.0,239.4,3.4,0.375,0,,34,Base: model score 42/100 from Quality+Growth+Technical+Momentum | D/E 280.206 — elevated leverage risk (-8),skipped,Not fetched (grade below threshold) — quant justification only,No,,,,7,4620.0
MAPMYINDIA,1195.65,42,WATCH,16,5,13,8,0,4.6,54.2,6369.0,47.61,28.89,15.62,1.0,4.5,0.778,31.0,65.3,1327.17,1085.403363237316,1255.43,1434.78,11.0,9.2,11.0,5.0,20.0,9.2,1.2,default,Diversified/Other,"pe_anchored, peg_1.0_fair_value",pe_anchored: +20.0% | peg_1.0_fair_value: +2.0%,fetch_failed,,,,,"Target/Target_Low/Target_High are MODEL estimates from 3 internal valuation methods (see Valuation_Methods_Used), NOT real analyst consensus. Check Real_Analyst_Target_* columns for actual street data if ANALYST_API_CONFIG is set, or verify independently otherwise.",ROE 15.62% — good | D/E 0.778 — manageable | Dividend 31.0% — paid to hold | Earnings accelerating (fwd PE 28.89 vs 47.61) | Above 50 DMA | RSI 65 — slightly elevated,1-2 years,4,4782.6,440.99,3.5,0.375,0,,32,Base: model score 42/100 from Quality+Growth+Technical+Momentum | PEG 10.58 — expensive vs growth rate (-10),skipped,Not fetched (grade below threshold) — quant justification only,No,,,,4,4782.6
GODREJIND,1280.7,42,WATCH,7,15,16,4,0,65.9,54.2,43565.0,35.15,,10.83,9.9,142.6,222.411,,56.0,1421.58,1186.4909922081038,1344.73,1536.84,11.0,7.4,11.0,5.0,20.0,7.4,1.5,default,Diversified/Other,"pe_anchored, peg_1.0_fair_value",pe_anchored: +20.0% | peg_1.0_fair_value: +2.0%,fetch_failed,,,,,"Target/Target_Low/Target_High are MODEL estimates from 3 internal valuation methods (see Valuation_Methods_Used), NOT real analyst consensus. Check Real_Analyst_Target_* columns for actual street data if ANALYST_API_CONFIG is set, or verify independently otherwise.",PEG ~0.25 — undervalued vs growth | EPS growth 142.6% — explosive | Above 50 & 200 DMA — uptrend | RSI 56 — ideal 1Y entry zone | 1M return 7% — stable base,1-2 years,3,3842.1,282.63,2.8,0.375,0,,42,Base: model score 42/100 from Quality+Growth+Technical+Momentum | PEG 0.25 — growth clearly outpaces price (+8) | D/E 222.411 — elevated leverage risk (-8),skipped,Not fetched (grade below threshold) — quant justification only,No,,,,3,3842.1
PHOENIXLTD,1893.1,41,WATCH,5,16,5,11,0,81.6,25.0,68332.0,52.17,37.01,,17.0,23.3,37.211,12.0,16.1,2101.34,1783.7618823677237,1987.75,2271.72,11.0,5.8,11.0,5.0,20.0,5.8,1.9,default,Real Estate,"pe_anchored, peg_1.0_fair_value",pe_anchored: +20.0% | peg_1.0_fair_value: +2.0%,fetch_failed,,,,,"Target/Target_Low/Target_High are MODEL estimates from 3 internal valuation methods (see Valuation_Methods_Used), NOT real analyst consensus. Check Real_Analyst_Target_* columns for actual street data if ANALYST_API_CONFIG is set, or verify independently otherwise.","Dividend 12.0% — paid to hold | EPS growth 23.3% | Revenue growth 17.0% | Earnings accelerating (fwd PE 37.01 vs 52.17) | RSI 16 — oversold, contrarian entry | 6M return 10% — healthy",1-2 years,2,3786.2,218.68,2.8,0.375,4,Top-3 RS in Real Estate,33,Base: model score 41/100 from Quality+Growth+Technical+Momentum | D/E 37.211 — elevated leverage risk (-8),skipped,Not fetched (grade below threshold) — quant justification only,No,,,,2,3786.2
CHENNPETRO,1269.9,41,WATCH,10,15,16,0,0,97.0,54.2,18053.0,4.21,3.02,,84.8,,17.68,5.25,57.6,1422.29,1151.289147868362,1361.33,1483.24,12.0,9.3,12.0,7.2,16.8,9.3,1.3,default,Diversified/Other,fallback,"Fallback (no usable PE/EPS/ROE data) — capped score-based estimate, wide uncertainty band",fetch_failed,,,,,"Target/Target_Low/Target_High are MODEL estimates from 3 internal valuation methods (see Valuation_Methods_Used), NOT real analyst consensus. Check Real_Analyst_Target_* columns for actual street data if ANALYST_API_CONFIG is set, or verify independently otherwise.",PE 4.21x — cheap | Dividend 5.25% — paid to hold | Revenue growth 84.8% — exceptional | Earnings accelerating (fwd PE 3.02 vs 4.21) | Above 50 & 200 DMA — uptrend | RSI 58 — ideal 1Y entry zone,1-2 years,3,3809.7,355.83,2.8,0.375,0,,33,Base: model score 41/100 from Quality+Growth+Technical+Momentum | D/E 17.68 — elevated leverage risk (-8),skipped,Not fetched (grade below threshold) — quant justification only,No,,,,3,3809.7
RADICO,4474.9,41,WATCH,5,24,8,0,0,94.4,37.5,58601.0,81.97,57.95,,19.5,62.1,20.939,15.0,77.9,4967.14,4263.900963408635,4698.64,5369.88,11.0,4.7,11.0,5.0,20.0,4.7,2.3,default,Consumer/Retail,"pe_anchored, peg_1.0_fair_value",pe_anchored: +20.0% | peg_1.0_fair_value: +2.0%,fetch_failed,,,,,"Target/Target_Low/Target_High are MODEL estimates from 3 internal valuation methods (see Valuation_Methods_Used), NOT real analyst consensus. Check Real_Analyst_Target_* columns for actual street data if ANALYST_API_CONFIG is set, or verify independently otherwise.",Dividend 15.0% — paid to hold | EPS growth 62.1% — explosive | Revenue growth 19.5% | Earnings accelerating (fwd PE 57.95 vs 81.97) | Above 50 & 200 DMA — uptrend,1-2 years,1,4474.9,211.0,3.3,0.375,4,Top-3 RS in Consumer/Retail,33,Base: model score 41/100 from Quality+Growth+Technical+Momentum | D/E 20.939 — elevated leverage risk (-8),skipped,Not fetched (grade below threshold) — quant justification only,No,,,,1,4474.9
TRITURBINE,607.55,41,WATCH,15,12,11,3,0,47.5,54.2,19579.0,55.84,37.31,26.22,26.3,7.4,2.476,66.0,48.2,674.38,561.6668407093642,637.93,729.06,11.0,7.6,11.0,5.0,20.0,7.6,1.4,default,Diversified/Other,"pe_anchored, peg_1.0_fair_value",pe_anchored: +20.0% | peg_1.0_fair_value: +2.0%,fetch_failed,,,,,"Target/Target_Low/Target_High are MODEL estimates from 3 internal valuation methods (see Valuation_Methods_Used), NOT real analyst consensus. Check Real_Analyst_Target_* columns for actual street data if ANALYST_API_CONFIG is set, or verify independently otherwise.",ROE 26.22% — excellent | Dividend 66.0% — paid to hold | Revenue growth 26.3% | Earnings accelerating (fwd PE 37.31 vs 55.84) | RSI 48 — ideal 1Y entry zone | Mid 52W range (50%),1-2 years,8,4860.4,367.07,3.6,0.375,0,,23,Base: model score 41/100 from Quality+Growth+Technical+Momentum | PEG 7.55 — expensive vs growth rate (-10) | D/E 2.476 — elevated leverage risk (-8),skipped,Not fetched (grade below threshold) — quant justification only,No,,,,8,4860.4
ZYDUSLIFE,1125.7,41,WATCH,11,4,8,4,10,68.5,91.7,111990.0,22.4,23.81,18.32,16.2,8.7,42.304,9.0,41.3,1249.53,1078.0381401645604,1181.98,1350.84,11.0,4.2,11.0,5.0,20.0,4.2,2.6,default,Pharma,"pe_anchored, peg_1.0_fair_value",pe_anchored: +20.0% | peg_1.0_fair_value: +2.0%,fetch_failed,,,,,"Target/Target_Low/Target_High are MODEL estimates from 3 internal valuation methods (see Valuation_Methods_Used), NOT real analyst consensus. Check Real_Analyst_Target_* columns for actual street data if ANALYST_API_CONFIG is set, or verify independently otherwise.","ROE 18.32% — good | Dividend 9.0% — paid to hold | Revenue growth 16.2% | Above 50 & 200 DMA — uptrend | 1M return 2% — stable base | Sector RS bonus (+10, sector percentile 91.7)",1-2 years,4,4502.8,190.65,3.3,0.375,4,Largest market cap in Pharma,33,Base: model score 41/100 from Quality+Growth+Technical+Momentum | D/E 42.304 — elevated leverage risk (-8),skipped,Not fetched (grade below threshold) — quant justification only,No,,,,4,4502.8
JUBLPHARMA,976.55,41,WATCH,5,9,15,12,0,24.9,54.2,15481.0,39.02,19.24,5.96,18.7,-22.4,50.943,52.0,53.5,1093.74,925.392072871265,1046.86,1140.61,12.0,5.2,12.0,7.2,16.8,5.2,2.3,default,Diversified/Other,fallback,"Fallback (no usable PE/EPS/ROE data) — capped score-based estimate, wide uncertainty band",fetch_failed,,,,,"Target/Target_Low/Target_High are MODEL estimates from 3 internal valuation methods (see Valuation_Methods_Used), NOT real analyst consensus. Check Real_Analyst_Target_* columns for actual street data if ANALYST_API_CONFIG is set, or verify independently otherwise.",Dividend 52.0% — paid to hold | Revenue growth 18.7% | Earnings accelerating (fwd PE 19.24 vs 39.02) | Above 50 DMA | RSI 53 — ideal 1Y entry zone | Mid 52W range (42%),1-2 years,4,3906.2,204.63,2.9,0.375,0,,33,Base: model score 41/100 from Quality+Growth+Technical+Momentum | D/E 50.943 — elevated leverage risk (-8),skipped,Not fetched (grade below threshold) — quant justification only,No,,,,4,3906.2
INDIAMART,1739.9,41,WATCH,10,9,11,11,0,8.5,54.2,105310.0,21.42,16.83,23.15,11.4,11.9,0.974,1.72,22.8,1931.29,1638.867622057909,1826.9,2087.88,11.0,5.8,11.0,5.0,20.0,5.8,1.9,default,Diversified/Other,"pe_anchored, peg_1.0_fair_value",pe_anchored: +20.0% | peg_1.0_fair_value: +2.0%,fetch_failed,,,,,"Target/Target_Low/Target_High are MODEL estimates from 3 internal valuation methods (see Valuation_Methods_Used), NOT real analyst consensus. Check Real_Analyst_Target_* columns for actual street data if ANALYST_API_CONFIG is set, or verify independently otherwise.","ROE 23.15% — excellent | Revenue growth 11.4% | Earnings accelerating (fwd PE 16.83 vs 21.42) | RSI 23 — oversold, contrarian entry | Near 52W low (0%) — good entry | 6M return -18% — healthy",1-2 years,2,3479.8,202.06,2.6,0.375,0,,41,Base: model score 41/100 from Quality+Growth+Technical+Momentum,skipped,Not fetched (grade below threshold) — quant justification only,No,,,,2,3479.8
ZYDUSWELL,577.8,40,WATCH,5,15,16,4,0,84.8,54.2,18436.0,93.31,33.14,3.43,62.6,-5.8,54.974,22.0,51.9,647.14,533.1041445537467,619.4,674.87,12.0,7.7,12.0,7.2,16.8,7.7,1.6,default,Diversified/Other,fallback,"Fallback (no usable PE/EPS/ROE data) — capped score-based estimate, wide uncertainty band",fetch_failed,,,,,"Target/Target_Low/Target_High are MODEL estimates from 3 internal valuation methods (see Valuation_Methods_Used), NOT real analyst consensus. Check Real_Analyst_Target_* columns for actual street data if ANALYST_API_CONFIG is set, or verify independently otherwise.",Dividend 22.0% — paid to hold | Revenue growth 62.6% — exceptional | Earnings accelerating (fwd PE 33.14 vs 93.31) | Above 50 & 200 DMA — uptrend | RSI 52 — ideal 1Y entry zone | 1M return 2% — stable base,1-2 years,8,4622.4,357.57,3.4,0.375,0,,32,Base: model score 40/100 from Quality+Growth+Technical+Momentum | D/E 54.974 — elevated leverage risk (-8),skipped,Not fetched (grade below threshold) — quant justification only,No,,,,8,4622.4
AIIL,542.75,40,WATCH,5,4,19,12,0,46.0,54.2,46788.0,28.8,,,14.1,17.5,24.59,4.0,59.1,602.45,497.3419207219029,569.89,651.3,11.0,8.4,11.0,5.0,20.0,8.4,1.3,default,Diversified/Other,"pe_anchored, peg_1.0_fair_value",pe_anchored: +20.0% | peg_1.0_fair_value: +2.0%,fetch_failed,,,,,"Target/Target_Low/Target_High are MODEL estimates from 3 internal valuation methods (see Valuation_Methods_Used), NOT real analyst consensus. Check Real_Analyst_Target_* columns for actual street data if ANALYST_API_CONFIG is set, or verify independently otherwise.",Dividend 4.0% — paid to hold | Revenue growth 14.1% | Above 50 & 200 DMA — uptrend | RSI 59 — ideal 1Y entry zone | Mid 52W range (50%) | 6M return 8% — healthy,1-2 years,9,4884.75,408.67,3.6,0.375,0,,32,Base: model score 40/100 from Quality+Growth+Technical+Momentum | D/E 24.59 — elevated leverage risk (-8),skipped,Not fetched (grade below threshold) — quant justification only,No,,,,9,4884.75
EIHOTEL,333.0,40,WATCH,5,5,18,12,0,31.2,54.2,20997.0,32.38,22.93,12.95,7.4,-5.8,4.666,46.0,52.6,372.96,314.50848803991613,356.98,388.94,12.0,5.6,12.0,7.2,16.8,5.6,2.1,default,Diversified/Other,fallback,"Fallback (no usable PE/EPS/ROE data) — capped score-based estimate, wide uncertainty band",fetch_failed,,,,,"Target/Target_Low/Target_High are MODEL estimates from 3 internal valuation methods (see Valuation_Methods_Used), NOT real analyst consensus. Check Real_Analyst_Target_* columns for actual street data if ANALYST_API_CONFIG is set, or verify independently otherwise.",Dividend 46.0% — paid to hold | Earnings accelerating (fwd PE 22.93 vs 32.38) | Above 50 DMA | RSI 53 — ideal 1Y entry zone | Near 52W low (38%) — good entry | 6M return 8% — healthy,1-2 years,15,4995.0,277.37,3.7,0.375,0,,32,Base: model score 40/100 from Quality+Growth+Technical+Momentum | D/E 4.666 — elevated leverage risk (-8),skipped,Not fetched (grade below threshold) — quant justification only,No,,,,15,4995.0
IDBI,84.22,40,WATCH,10,0,15,15,0,35.6,54.2,90471.0,9.84,17.17,13.87,,,,2.43,54.7,94.33,78.70540145290468,90.28,98.37,12.0,6.5,12.0,7.2,16.8,6.5,1.8,default,Diversified/Other,fallback,"Fallback (no usable PE/EPS/ROE data) — capped score-based estimate, wide uncertainty band",fetch_failed,,,,,"Target/Target_Low/Target_High are MODEL estimates from 3 internal valuation methods (see Valuation_Methods_Used), NOT real analyst consensus. Check Real_Analyst_Target_* columns for actual street data if ANALYST_API_CONFIG is set, or verify independently otherwise.",PE 9.84x — cheap | Dividend 2.43% — paid to hold | Above 50 DMA | RSI 55 — ideal 1Y entry zone | Mid 52W range (40%) | 6M return -14% — healthy,1-2 years,60,5053.2,330.88,3.7,0.375,0,,40,Base: model score 40/100 from Quality+Growth+Technical+Momentum,skipped,Not fetched (grade below threshold) — quant justification only,No,,,,60,5053.2
EIDPARRY,772.15,39,WATCH,0,9,18,12,0,4.3,54.2,13861.0,24.44,9.26,9.91,15.6,,23.647,,59.9,864.81,732.2218300031419,827.74,901.87,12.0,5.2,12.0,7.2,16.8,5.2,2.3,default,Diversified/Other,fallback,"Fallback (no usable PE/EPS/ROE data) — capped score-based estimate, wide uncertainty band",fetch_failed,,,,,"Target/Target_Low/Target_High are MODEL estimates from 3 internal valuation methods (see Valuation_Methods_Used), NOT real analyst consensus. Check Real_Analyst_Target_* columns for actual street data if ANALYST_API_CONFIG is set, or verify independently otherwise.",Revenue growth 15.6% | Earnings accelerating (fwd PE 9.26 vs 24.44) | Above 50 DMA | RSI 60 — ideal 1Y entry zone | Near 52W low (13%) — good entry | 6M return -13% — healthy,1-2 years,6,4632.9,239.57,3.4,0.375,0,,31,Base: model score 39/100 from Quality+Growth+Technical+Momentum | D/E 23.647 — elevated leverage risk (-8),skipped,Not fetched (grade below threshold) — quant justification only,No,,,,6,4632.9
ZENSARTECH,531.45,39,WATCH,16,7,13,8,-5,7.4,12.5,12130.0,15.88,13.85,17.63,6.7,19.2,1.68,2.86,70.8,637.74,485.8476175792948,637.74,637.74,20.0,8.6,20.0,20.0,20.0,8.6,2.3,default,IT Services,"pe_anchored, peg_1.0_fair_value",pe_anchored: +20.0% | peg_1.0_fair_value: +20.0%,fetch_failed,,,,,"Target/Target_Low/Target_High are MODEL estimates from 3 internal valuation methods (see Valuation_Methods_Used), NOT real analyst consensus. Check Real_Analyst_Target_* columns for actual street data if ANALYST_API_CONFIG is set, or verify independently otherwise.",ROE 17.63% — good | PE 15.88x — cheap | Dividend 2.86% — paid to hold | EPS growth 19.2% | Above 50 DMA | RSI 71 — slightly elevated,1-2 years,9,4783.05,410.42,3.5,0.375,0,,47,Base: model score 39/100 from Quality+Growth+Technical+Momentum | PEG 0.83 — growth clearly outpaces price (+8),skipped,Not fetched (grade below threshold) — quant justification only,No,,,,9,4783.05
AFFLE,1653.8,39,WATCH,5,12,14,8,0,36.2,54.2,23282.0,51.2,33.31,13.79,20.3,15.7,0.405,,69.6,1835.72,1550.2258379670416,1736.49,1984.56,11.0,6.3,11.0,5.0,20.0,6.3,1.7,default,Diversified/Other,"pe_anchored, peg_1.0_fair_value",pe_anchored: +20.0% | peg_1.0_fair_value: +2.0%,fetch_failed,,,,,"Target/Target_Low/Target_High are MODEL estimates from 3 internal valuation methods (see Valuation_Methods_Used), NOT real analyst consensus. Check Real_Analyst_Target_* columns for actual street data if ANALYST_API_CONFIG is set, or verify independently otherwise.",D/E 0.405 — manageable | Revenue growth 20.3% | Earnings accelerating (fwd PE 33.31 vs 51.2) | Above 50 & 200 DMA — uptrend | RSI 70 — slightly elevated | Mid 52W range (43%),1-2 years,3,4961.4,310.72,3.6,0.375,0,,39,Base: model score 39/100 from Quality+Growth+Technical+Momentum,skipped,Not fetched (grade below threshold) — quant justification only,No,,,,3,4961.4
PNB,111.5,38,WATCH,10,4,7,12,5,58.4,87.5,127664.0,5.78,6.47,14.97,15.2,1.9,,2.69,75.4,141.27,107.08640232308056,133.8,156.1,26.7,4.0,26.7,20.0,40.0,4.0,6.7,psu_bank,Banking,"pe_anchored, peg_1.0_fair_value, roe_pb_implied",pe_anchored: +20.0% | peg_1.0_fair_value: +20.0% | roe_pb_implied: +40.0%,fetch_failed,,,,,"Target/Target_Low/Target_High are MODEL estimates from 3 internal valuation methods (see Valuation_Methods_Used), NOT real analyst consensus. Check Real_Analyst_Target_* columns for actual street data if ANALYST_API_CONFIG is set, or verify independently otherwise.",PE 5.78x — cheap | Dividend 2.69% — paid to hold | Revenue growth 15.2% | Above 50 DMA | Mid 52W range (44%) | 6M return -8% — healthy,1-2 years,45,5017.5,198.61,3.7,0.375,0,,38,Base: model score 38/100 from Quality+Growth+Technical+Momentum,skipped,Not fetched (grade below threshold) — quant justification only,No,,,,45,5017.5
KFINTECH,933.55,38,WATCH,0,12,18,8,0,22.8,79.2,16400.0,48.24,33.57,,30.1,-2.5,3.314,1.23,57.4,1045.58,874.2154423269724,1000.77,1090.39,12.0,6.4,12.0,7.2,16.8,6.4,1.9,default,Capital Markets Infra,fallback,"Fallback (no usable PE/EPS/ROE data) — capped score-based estimate, wide uncertainty band",fetch_failed,,,,,"Target/Target_Low/Target_High are MODEL estimates from 3 internal valuation methods (see Valuation_Methods_Used), NOT real analyst consensus. Check Real_Analyst_Target_* columns for actual street data if ANALYST_API_CONFIG is set, or verify independently otherwise.",Revenue growth 30.1% | Earnings accelerating (fwd PE 33.57 vs 48.24) | Above 50 DMA | RSI 57 — ideal 1Y entry zone | Near 52W low (37%) — good entry | 6M return -7% — healthy,1-2 years,5,4667.75,296.67,3.4,0.375,0,,30,Base: model score 38/100 from Quality+Growth+Technical+Momentum | D/E 3.314 — elevated leverage risk (-8),skipped,Not fetched (grade below threshold) — quant justification only,No,,,,5,4667.75
CENTRALBK,31.03,38,WATCH,10,0,11,12,5,28.4,87.5,28231.0,6.13,,11.56,-2.9,2.8,,4.49,33.5,39.32,29.518845553906402,37.24,43.44,26.7,4.9,26.7,20.0,40.0,4.9,5.4,psu_bank,Banking,"pe_anchored, peg_1.0_fair_value, roe_pb_implied",pe_anchored: +20.0% | peg_1.0_fair_value: +20.0% | roe_pb_implied: +40.0%,fetch_failed,,,,,"Target/Target_Low/Target_High are MODEL estimates from 3 internal valuation methods (see Valuation_Methods_Used), NOT real analyst consensus. Check Real_Analyst_Target_* columns for actual street data if ANALYST_API_CONFIG is set, or verify independently otherwise.","PE 6.13x — cheap | Dividend 4.49% — paid to hold | RSI 34 — oversold, contrarian entry | Near 52W low (16%) — good entry | 6M return -14% — healthy | 1M return -5% — stable base",1-2 years,164,5088.92,247.83,3.7,0.375,0,,38,Base: model score 38/100 from Quality+Growth+Technical+Momentum,skipped,Not fetched (grade below threshold) — quant justification only,No,,,,164,5088.92
VMM,108.27,38,WATCH,0,16,11,11,0,21.3,54.2,50703.0,57.88,39.89,,18.7,25.0,26.817,,25.6,120.18,102.07210906179337,113.68,129.92,11.0,5.7,11.0,5.0,20.0,5.7,1.9,default,Diversified/Other,"pe_anchored, peg_1.0_fair_value",pe_anchored: +20.0% | peg_1.0_fair_value: +2.0%,fetch_failed,,,,,"Target/Target_Low/Target_High are MODEL estimates from 3 internal valuation methods (see Valuation_Methods_Used), NOT real analyst consensus. Check Real_Analyst_Target_* columns for actual street data if ANALYST_API_CONFIG is set, or verify independently otherwise.","EPS growth 25.0% | Revenue growth 18.7% | Earnings accelerating (fwd PE 39.89 vs 57.88) | RSI 26 — oversold, contrarian entry | Near 52W low (16%) — good entry | 6M return -11% — healthy",1-2 years,46,4980.42,285.1,3.7,0.375,0,,30,Base: model score 38/100 from Quality+Growth+Technical+Momentum | D/E 26.817 — elevated leverage risk (-8),skipped,Not fetched (grade below threshold) — quant justification only,No,,,,46,4980.42
CANFINHOME,818.7,38,WATCH,5,14,8,11,0,60.7,41.7,10947.0,9.69,8.66,,22.5,19.6,636.585,1.96,19.0,982.44,769.3159984841113,982.44,982.44,20.0,6.0,20.0,20.0,20.0,6.0,3.3,default,Housing Finance/NBFC,"pe_anchored, peg_1.0_fair_value",pe_anchored: +20.0% | peg_1.0_fair_value: +20.0%,fetch_failed,,,,,"Target/Target_Low/Target_High are MODEL estimates from 3 internal valuation methods (see Valuation_Methods_Used), NOT real analyst consensus. Check Real_Analyst_Target_* columns for actual street data if ANALYST_API_CONFIG is set, or verify independently otherwise.","PE 9.69x — cheap | EPS growth 19.6% | Revenue growth 22.5% | RSI 19 — oversold, contrarian entry | Mid 52W range (46%) | 6M return -9% — healthy",1-2 years,6,4912.2,296.3,3.6,0.375,0,,38,Base: model score 38/100 from Quality+Growth+Technical+Momentum | PEG 0.49 — growth clearly outpaces price (+8) | D/E 636.585 — elevated leverage risk (-8),skipped,Not fetched (grade below threshold) — quant justification only,No,,,,6,4912.2
MPHASIS,2404.4,38,WATCH,11,9,15,8,-5,35.8,12.5,45058.0,23.63,18.62,17.74,17.5,10.7,24.675,2.57,56.3,2668.88,2242.330678333411,2524.62,2885.28,11.0,6.7,11.0,5.0,20.0,6.7,1.6,it_services,IT Services,"pe_anchored, peg_1.0_fair_value",pe_anchored: +20.0% | peg_1.0_fair_value: +2.0%,fetch_failed,,,,,"Target/Target_Low/Target_High are MODEL estimates from 3 internal valuation methods (see Valuation_Methods_Used), NOT real analyst consensus. Check Real_Analyst_Target_* columns for actual street data if ANALYST_API_CONFIG is set, or verify independently otherwise.",ROE 17.74% — good | Dividend 2.57% — paid to hold | Revenue growth 17.5% | Earnings accelerating (fwd PE 18.62 vs 23.63) | Above 50 DMA | RSI 56 — ideal 1Y entry zone,1-2 years,1,2404.4,162.07,1.8,0.375,0,,30,Base: model score 38/100 from Quality+Growth+Technical+Momentum | D/E 24.675 — elevated leverage risk (-8),skipped,Not fetched (grade below threshold) — quant justification only,No,,,,1,2404.4
NUVOCO,352.1,37,WATCH,0,12,17,8,0,26.2,54.2,12563.0,32.6,20.47,,8.9,19.8,48.061,,64.4,390.83,324.06925371670354,369.71,422.52,11.0,8.0,11.0,5.0,20.0,8.0,1.4,default,Diversified/Other,"pe_anchored, peg_1.0_fair_value",pe_anchored: +20.0% | peg_1.0_fair_value: +2.0%,fetch_failed,,,,,"Target/Target_Low/Target_High are MODEL estimates from 3 internal valuation methods (see Valuation_Methods_Used), NOT real analyst consensus. Check Real_Analyst_Target_* columns for actual street data if ANALYST_API_CONFIG is set, or verify independently otherwise.",EPS growth 19.8% | Earnings accelerating (fwd PE 20.47 vs 32.6) | Above 50 & 200 DMA — uptrend | RSI 64 — slightly elevated | Near 52W low (38%) — good entry | 6M return 0% — healthy,1-2 years,14,4929.4,392.43,3.6,0.375,0,,29,Base: model score 37/100 from Quality+Growth+Technical+Momentum | D/E 48.061 — elevated leverage risk (-8),skipped,Not fetched (grade below threshold) — quant justification only,No,,,,14,4929.4
SUPREMEIND,3482.4,37,WATCH,0,16,13,8,0,21.5,45.8,44216.0,42.87,33.37,,4.2,38.7,1.473,1.06,65.5,3865.46,3279.03451431927,3656.52,4178.88,11.0,5.8,11.0,5.0,20.0,5.8,1.9,default,Chemicals & Paints,"pe_anchored, peg_1.0_fair_value",pe_anchored: +20.0% | peg_1.0_fair_value: +2.0%,fetch_failed,,,,,"Target/Target_Low/Target_High are MODEL estimates from 3 internal valuation methods (see Valuation_Methods_Used), NOT real analyst consensus. Check Real_Analyst_Target_* columns for actual street data if ANALYST_API_CONFIG is set, or verify independently otherwise.",EPS growth 38.7% — strong | Earnings accelerating (fwd PE 33.37 vs 42.87) | Above 50 DMA | RSI 65 — slightly elevated | Near 52W low (23%) — good entry | 6M return -0% — healthy,1-2 years,1,3482.4,203.37,2.6,0.375,0,,37,Base: model score 37/100 from Quality+Growth+Technical+Momentum,skipped,Not fetched (grade below threshold) — quant justification only,No,,,,1,3482.4
SCI,277.1,37,WATCH,12,19,3,3,0,84.2,54.2,12977.0,9.6,84.42,,14.2,118.9,29.454,4.69,42.4,332.52,257.25727472244694,332.52,332.52,20.0,7.2,20.0,20.0,20.0,7.2,2.8,default,Diversified/Other,"pe_anchored, peg_1.0_fair_value",pe_anchored: +20.0% | peg_1.0_fair_value: +20.0%,fetch_failed,,,,,"Target/Target_Low/Target_High are MODEL estimates from 3 internal valuation methods (see Valuation_Methods_Used), NOT real analyst consensus. Check Real_Analyst_Target_* columns for actual street data if ANALYST_API_CONFIG is set, or verify independently otherwise.",PEG ~0.08 — undervalued vs growth | Dividend 4.69% — paid to hold | EPS growth 118.9% — explosive | Revenue growth 14.2% | Mid 52W range (49%) | 1M dip -9% — buying opportunity,1-2 years,18,4987.8,357.17,3.7,0.375,0,,37,Base: model score 37/100 from Quality+Growth+Technical+Momentum | PEG 0.08 — growth clearly outpaces price (+8) | D/E 29.454 — elevated leverage risk (-8),skipped,Not fetched (grade below threshold) — quant justification only,No,,,,18,4987.8
RKFORGE,633.0,37,WATCH,5,24,8,0,0,50.3,54.2,11700.0,110.73,32.06,,19.8,289.2,74.422,32.0,72.8,702.63,595.3163269512072,664.65,759.6,11.0,6.0,11.0,5.0,20.0,6.0,1.8,default,Diversified/Other,"pe_anchored, peg_1.0_fair_value",pe_anchored: +20.0% | peg_1.0_fair_value: +2.0%,fetch_failed,,,,,"Target/Target_Low/Target_High are MODEL estimates from 3 internal valuation methods (see Valuation_Methods_Used), NOT real analyst consensus. Check Real_Analyst_Target_* columns for actual street data if ANALYST_API_CONFIG is set, or verify independently otherwise.",Dividend 32.0% — paid to hold | EPS growth 289.2% — explosive | Revenue growth 19.8% | Earnings accelerating (fwd PE 32.06 vs 110.73) | Above 50 & 200 DMA — uptrend,1-2 years,7,4431.0,263.79,3.3,0.375,0,,37,Base: model score 37/100 from Quality+Growth+Technical+Momentum | PEG 0.38 — growth clearly outpaces price (+8) | D/E 74.422 — elevated leverage risk (-8),skipped,Not fetched (grade below threshold) — quant justification only,No,,,,7,4431.0
IREDA,119.94,37,WATCH,10,5,11,11,0,18.4,54.2,33941.0,17.9,11.85,,7.2,-5.9,565.671,100.0,21.5,134.33,114.83098014673489,128.58,140.09,12.0,4.3,12.0,7.2,16.8,4.3,2.8,default,Diversified/Other,fallback,"Fallback (no usable PE/EPS/ROE data) — capped score-based estimate, wide uncertainty band",fetch_failed,,,,,"Target/Target_Low/Target_High are MODEL estimates from 3 internal valuation methods (see Valuation_Methods_Used), NOT real analyst consensus. Check Real_Analyst_Target_* columns for actual street data if ANALYST_API_CONFIG is set, or verify independently otherwise.","PE 17.9x — cheap | Dividend 100.0% — paid to hold | Earnings accelerating (fwd PE 11.85 vs 17.9) | RSI 21 — oversold, contrarian entry | Near 52W low (22%) — good entry | 6M return -10% — healthy",1-2 years,42,5037.48,214.58,3.7,0.375,0,,29,Base: model score 37/100 from Quality+Growth+Technical+Momentum | D/E 565.671 — elevated leverage risk (-8),skipped,Not fetched (grade below threshold) — quant justification only,No,,,,42,5037.48
JYOTICNC,824.55,37,WATCH,6,5,14,12,0,17.8,54.2,18712.0,55.75,33.24,18.22,4.1,-16.9,42.609,,66.9,923.5,768.6919739433486,883.92,963.07,12.0,6.8,12.0,7.2,16.8,6.8,1.8,default,Diversified/Other,fallback,"Fallback (no usable PE/EPS/ROE data) — capped score-based estimate, wide uncertainty band",fetch_failed,,,,,"Target/Target_Low/Target_High are MODEL estimates from 3 internal valuation methods (see Valuation_Methods_Used), NOT real analyst consensus. Check Real_Analyst_Target_* columns for actual street data if ANALYST_API_CONFIG is set, or verify independently otherwise.",ROE 18.22% — good | Earnings accelerating (fwd PE 33.24 vs 55.75) | Above 50 & 200 DMA — uptrend | RSI 67 — slightly elevated | Mid 52W range (51%) | 6M return -2% — healthy,1-2 years,6,4947.3,335.15,3.6,0.375,0,,29,Base: model score 37/100 from Quality+Growth+Technical+Momentum | D/E 42.609 — elevated leverage risk (-8),skipped,Not fetched (grade below threshold) — quant justification only,No,,,,6,4947.3
GODREJCP,1071.3,37,WATCH,6,9,10,12,0,33.0,37.5,110159.0,59.34,39.4,15.1,11.2,9.7,34.899,1.87,43.5,1189.14,1022.9029583434751,1124.87,1285.56,11.0,4.5,11.0,5.0,20.0,4.5,2.4,default,Consumer/Retail,"pe_anchored, peg_1.0_fair_value",pe_anchored: +20.0% | peg_1.0_fair_value: +2.0%,fetch_failed,,,,,"Target/Target_Low/Target_High are MODEL estimates from 3 internal valuation methods (see Valuation_Methods_Used), NOT real analyst consensus. Check Real_Analyst_Target_* columns for actual street data if ANALYST_API_CONFIG is set, or verify independently otherwise.",ROE 15.1% — good | Revenue growth 11.2% | Earnings accelerating (fwd PE 39.4 vs 59.34) | Above 50 DMA | Near 52W low (33%) — good entry | 6M return -8% — healthy,1-2 years,4,4285.2,193.59,3.2,0.375,0,,19,Base: model score 37/100 from Quality+Growth+Technical+Momentum | PEG 6.12 — expensive vs growth rate (-10) | D/E 34.899 — elevated leverage risk (-8),skipped,Not fetched (grade below threshold) — quant justification only,No,,,,4,4285.2
ANURAS,1210.1,37,WATCH,5,12,8,12,0,57.7,54.2,13826.0,79.11,37.14,5.76,27.5,-7.6,41.317,12.0,19.1,1355.31,1155.818020152072,1297.23,1413.4,12.0,4.5,12.0,7.2,16.8,4.5,2.7,default,Diversified/Other,fallback,"Fallback (no usable PE/EPS/ROE data) — capped score-based estimate, wide uncertainty band",fetch_failed,,,,,"Target/Target_Low/Target_High are MODEL estimates from 3 internal valuation methods (see Valuation_Methods_Used), NOT real analyst consensus. Check Real_Analyst_Target_* columns for actual street data if ANALYST_API_CONFIG is set, or verify independently otherwise.","Dividend 12.0% — paid to hold | Revenue growth 27.5% | Earnings accelerating (fwd PE 37.14 vs 79.11) | RSI 19 — oversold, contrarian entry | Mid 52W range (45%) | 6M return -1% — healthy",1-2 years,4,4840.4,217.13,3.6,0.375,0,,29,Base: model score 37/100 from Quality+Growth+Technical+Momentum | D/E 41.317 — elevated leverage risk (-8),skipped,Not fetched (grade below threshold) — quant justification only,No,,,,4,4840.4
IRCTC,493.2,37,WATCH,10,9,6,12,0,7.2,54.2,39680.0,27.93,21.8,34.96,15.1,-8.9,1.874,1.95,41.5,552.38,475.97821193493394,528.71,576.06,12.0,3.5,12.0,7.2,16.8,3.5,3.4,default,Diversified/Other,fallback,"Fallback (no usable PE/EPS/ROE data) — capped score-based estimate, wide uncertainty band",fetch_failed,,,,,"Target/Target_Low/Target_High are MODEL estimates from 3 internal valuation methods (see Valuation_Methods_Used), NOT real analyst consensus. Check Real_Analyst_Target_* columns for actual street data if ANALYST_API_CONFIG is set, or verify independently otherwise.",ROE 34.96% — excellent | Revenue growth 15.1% | Earnings accelerating (fwd PE 21.8 vs 27.93) | Near 52W low (3%) — good entry | 6M return -19% — healthy | 1M return -3% — stable base,1-2 years,10,4932.0,172.22,3.6,0.375,0,,37,Base: model score 37/100 from Quality+Growth+Technical+Momentum,skipped,Not fetched (grade below threshold) — quant justification only,No,,,,10,4932.0
VBL,453.0,37,WATCH,11,7,8,11,0,39.0,37.5,151264.0,42.92,37.75,16.85,20.4,15.7,15.869,47.0,37.9,502.83,426.1802569812236,475.65,543.6,11.0,5.9,11.0,5.0,20.0,5.9,1.9,consumer_retail,Consumer/Retail,"pe_anchored, peg_1.0_fair_value",pe_anchored: +20.0% | peg_1.0_fair_value: +2.0%,fetch_failed,,,,,"Target/Target_Low/Target_High are MODEL estimates from 3 internal valuation methods (see Valuation_Methods_Used), NOT real analyst consensus. Check Real_Analyst_Target_* columns for actual street data if ANALYST_API_CONFIG is set, or verify independently otherwise.","ROE 16.85% — good | Dividend 47.0% — paid to hold | Revenue growth 20.4% | RSI 38 — oversold, contrarian entry | Mid 52W range (41%) | 6M return -3% — healthy",1-2 years,11,4983.0,295.02,3.7,0.375,0,,29,Base: model score 37/100 from Quality+Growth+Technical+Momentum | D/E 15.869 — elevated leverage risk (-8),skipped,Not fetched (grade below threshold) — quant justification only,No,,,,11,4983.0
SWIGGY,289.77,36,WATCH,0,10,18,8,0,9.5,62.5,74882.0,,-125.59,-29.12,44.7,,13.929,,58.6,324.54,267.4832627861028,310.63,338.45,12.0,7.7,12.0,7.2,16.8,7.7,1.6,consumer_retail,New-Age Tech,fallback,"Fallback (no usable PE/EPS/ROE data) — capped score-based estimate, wide uncertainty band",fetch_failed,,,,,"Target/Target_Low/Target_High are MODEL estimates from 3 internal valuation methods (see Valuation_Methods_Used), NOT real analyst consensus. Check Real_Analyst_Target_* columns for actual street data if ANALYST_API_CONFIG is set, or verify independently otherwise.",Revenue growth 44.7% — exceptional | Above 50 DMA | RSI 59 — ideal 1Y entry zone | Near 52W low (23%) — good entry | 6M return -12% — healthy,1-2 years,17,4926.09,378.87,3.6,0.375,0,,28,Base: model score 36/100 from Quality+Growth+Technical+Momentum | D/E 13.929 — elevated leverage risk (-8),skipped,Not fetched (grade below threshold) — quant justification only,No,,,,17,4926.09
INFY,1179.0,36,WATCH,20,0,13,8,-5,19.7,12.5,468032.0,14.14,14.46,32.0,2.9,5.3,9.541,4.52,70.2,1308.69,1112.6744222134876,1237.95,1414.8,11.0,5.6,11.0,5.0,20.0,5.6,2.0,it_services,IT Services,"pe_anchored, peg_1.0_fair_value",pe_anchored: +20.0% | peg_1.0_fair_value: +2.0%,fetch_failed,,,,,"Target/Target_Low/Target_High are MODEL estimates from 3 internal valuation methods (see Valuation_Methods_Used), NOT real analyst consensus. Check Real_Analyst_Target_* columns for actual street data if ANALYST_API_CONFIG is set, or verify independently otherwise.",ROE 32.0% — excellent | PE 14.14x — cheap | Dividend 4.52% — paid to hold | Above 50 DMA | RSI 70 — slightly elevated | Near 52W low (28%) — good entry,1-2 years,4,4716.0,265.3,3.5,0.375,0,,28,Base: model score 36/100 from Quality+Growth+Technical+Momentum | D/E 9.541 — elevated leverage risk (-8),skipped,Not fetched (grade below threshold) — quant justification only,No,,,,4,4716.0
SBIN,1015.7,36,WATCH,11,0,8,12,5,80.9,87.5,935708.0,11.11,9.93,15.48,7.1,-3.1,,1.71,42.3,1096.96,979.4135231988353,1066.49,1096.96,8.0,3.6,8.0,5.0,8.0,3.6,2.2,psu_bank,Banking,roe_pb_implied,roe_pb_implied: -10.4%,fetch_failed,,,,,"Target/Target_Low/Target_High are MODEL estimates from 3 internal valuation methods (see Valuation_Methods_Used), NOT real analyst consensus. Check Real_Analyst_Target_* columns for actual street data if ANALYST_API_CONFIG is set, or verify independently otherwise.","ROE 15.48% — good | PE 11.11x — cheap | Above 50 & 200 DMA — uptrend | 6M return -3% — healthy | 1M return -3% — stable base | Sector RS bonus (+5, sector percentile 87.5)",1-2 years,4,4062.8,145.15,3.0,0.375,0,,36,Base: model score 36/100 from Quality+Growth+Technical+Momentum,skipped,Not fetched (grade below threshold) — quant justification only,No,,,,4,4062.8
SUMICHEM,492.05,36,WATCH,5,12,19,0,0,25.6,54.2,25042.0,43.18,34.53,,0.6,20.4,1.865,25.0,54.1,546.18,452.0217527327753,516.65,590.46,11.0,8.1,11.0,5.0,20.0,8.1,1.4,default,Diversified/Other,"pe_anchored, peg_1.0_fair_value",pe_anchored: +20.0% | peg_1.0_fair_value: +2.0%,fetch_failed,,,,,"Target/Target_Low/Target_High are MODEL estimates from 3 internal valuation methods (see Valuation_Methods_Used), NOT real analyst consensus. Check Real_Analyst_Target_* columns for actual street data if ANALYST_API_CONFIG is set, or verify independently otherwise.",Dividend 25.0% — paid to hold | EPS growth 20.4% | Earnings accelerating (fwd PE 34.53 vs 43.18) | Above 50 & 200 DMA — uptrend | RSI 54 — ideal 1Y entry zone | Mid 52W range (43%),1-2 years,10,4920.5,400.28,3.6,0.375,0,,36,Base: model score 36/100 from Quality+Growth+Technical+Momentum,skipped,Not fetched (grade below threshold) — quant justification only,No,,,,10,4920.5
360ONE,1151.5,36,WATCH,0,12,16,8,0,54.0,54.2,47252.0,38.54,28.27,,29.9,12.8,161.977,1.6,60.6,1278.17,1087.5461326369318,1209.08,1381.8,11.0,5.6,11.0,5.0,20.0,5.6,2.0,default,Diversified/Other,"pe_anchored, peg_1.0_fair_value",pe_anchored: +20.0% | peg_1.0_fair_value: +2.0%,fetch_failed,,,,,"Target/Target_Low/Target_High are MODEL estimates from 3 internal valuation methods (see Valuation_Methods_Used), NOT real analyst consensus. Check Real_Analyst_Target_* columns for actual street data if ANALYST_API_CONFIG is set, or verify independently otherwise.",Revenue growth 29.9% | Earnings accelerating (fwd PE 28.27 vs 38.54) | Above 50 & 200 DMA — uptrend | RSI 61 — ideal 1Y entry zone | 6M return 2% — healthy,1-2 years,4,4606.0,255.82,3.4,0.375,0,,28,Base: model score 36/100 from Quality+Growth+Technical+Momentum | D/E 161.977 — elevated leverage risk (-8),skipped,Not fetched (grade below threshold) — quant justification only,No,,,,4,4606.0
